0.904889702796936	"rs2867461"	"ANXA3"	"rheumatoid arthritis"
0.891493201255798	"rs71624119"	"ANKRD55"	"rheumatoid arthritis"
0.891266584396362	"rs71624119"	"ANKRD55"	"rheumatoid arthritis"
0.891036868095398	"rs71624119"	"ANKRD55"	"rheumatoid arthritis"
0.891036868095398	"rs71624119"	"ANKRD55"	"rheumatoid arthritis"
0.891036868095398	"rs71624119"	"ANKRD55"	"rheumatoid arthritis"
0.891036868095398	"rs71624119"	"ANKRD55"	"rheumatoid arthritis"
0.890860140323639	"rs502919"	"PRKCQ"	"rheumatoid arthritis"
0.889881730079651	"rs10065637"	"ANKRD55"	"rheumatoid arthritis"
0.888900220394135	"rs10065637"	"ANKRD55"	"rheumatoid arthritis"
0.887279272079468	"rs2664035"	"TEC"	"rheumatoid arthritis"
0.884824633598328	"rs8083786"	"PTPN2"	"rheumatoid arthritis"
0.884550511837006	"rs8083786"	"PTPN2"	"rheumatoid arthritis"
0.884396314620972	"rs7731626"	"ANKRD55"	"rheumatoid arthritis"
0.884396314620972	"rs7731626"	"ANKRD55"	"rheumatoid arthritis"
0.884396314620972	"rs7731626"	"ANKRD55"	"rheumatoid arthritis"
0.884396314620972	"rs7731626"	"ANKRD55"	"rheumatoid arthritis"
0.883967816829681	"rs8083786"	"PTPN2"	"rheumatoid arthritis"
0.883428156375885	"rs8083786"	"PTPN2"	"rheumatoid arthritis"
0.882012665271759	"rs2469434"	"CD226"	"rheumatoid arthritis"
0.880219399929047	"rs1234313"	"TNFSF4"	"rheumatoid arthritis"
0.879004061222076	"rs2469434"	"CD226"	"rheumatoid arthritis"
0.878408968448639	"rs998731"	"TPD52"	"rheumatoid arthritis"
0.878408968448639	"rs998731"	"TPD52"	"rheumatoid arthritis"
0.877644777297974	"rs2278600"	"ZNF366"	"rheumatoid arthritis"
0.876647472381592	"rs58107865"	"LEF1"	"rheumatoid arthritis"
0.874784171581268	"rs8083786"	"PTPN2"	"rheumatoid arthritis"
0.873750627040863	"rs8032939"	"RASGRP1"	"rheumatoid arthritis"
0.87329363822937	"rs8032939"	"RASGRP1"	"rheumatoid arthritis"
0.87329363822937	"rs8032939"	"RASGRP1"	"rheumatoid arthritis"
0.87329363822937	"rs8032939"	"RASGRP1"	"rheumatoid arthritis"
0.871590435504913	"rs8032939"	"RASGRP1"	"rheumatoid arthritis"
0.871266603469849	"rs2847297"	"PTPN2"	"rheumatoid arthritis"
0.87113493680954	"rs8032939"	"RASGRP1"	"rheumatoid arthritis"
0.870816349983215	"rs11915402"	"CFAP20DC"	"rheumatoid arthritis"
0.870289027690887	"rs8032939"	"RASGRP1"	"rheumatoid arthritis"
0.862622082233429	"rs706778"	"IL2RA"	"rheumatoid arthritis"
0.862622082233429	"rs706778"	"IL2RA"	"rheumatoid arthritis"
0.862622082233429	"rs706778"	"IL2RA"	"rheumatoid arthritis"
0.862454533576965	"rs8043085"	"RASGRP1"	"rheumatoid arthritis"
0.862058460712433	"rs10174238"	"STAT4"	"rheumatoid arthritis"
0.861400723457336	"rs706778"	"IL2RA"	"rheumatoid arthritis"
0.861126780509949	"rs11889341"	"STAT4"	"rheumatoid arthritis"
0.861126780509949	"rs11889341"	"STAT4"	"rheumatoid arthritis"
0.861126780509949	"rs11889341"	"STAT4"	"rheumatoid arthritis"
0.861126780509949	"rs11889341"	"STAT4"	"rheumatoid arthritis"
0.860760986804962	"rs8043085"	"RASGRP1"	"rheumatoid arthritis"
0.859665036201477	"rs143532814"	"MYO1B"	"rheumatoid arthritis"
0.859632730484009	"rs12617656"	"DPP4"	"rheumatoid arthritis"
0.858800709247589	"rs11785995"	"CYRIB"	"rheumatoid arthritis"
0.857659697532654	"rs10795791"	"IL2RA"	"rheumatoid arthritis"
0.855087518692017	"rs67250450"	"JAZF1"	"rheumatoid arthritis"
0.85434365272522	"rs67250450"	"JAZF1"	"rheumatoid arthritis"
0.8541579246521	"rs1858037"	"SPRED2"	"rheumatoid arthritis"
0.850207149982452	"rs144238538"	"P2RY10"	"rheumatoid arthritis"
0.849268734455109	"rs12617656"	"DPP4"	"rheumatoid arthritis"
0.848901927471161	"rs12467084"	"CDC42EP3"	"rheumatoid arthritis"
0.844353497028351	"rs1858037"	"SPRED2"	"rheumatoid arthritis"
0.842829883098602	"rs6732565"	"ACOXL"	"rheumatoid arthritis"
0.842829883098602	"rs6732565"	"ACOXL"	"rheumatoid arthritis"
0.842156410217285	"rs74830391"	"ELMO1"	"rheumatoid arthritis"
0.840480387210846	"rs138193887"	"CUL5"	"rheumatoid arthritis"
0.840480387210846	"rs138193887"	"CUL5"	"rheumatoid arthritis"
0.840216219425201	"rs740122"	"JAZF1"	"rheumatoid arthritis"
0.840208828449249	"rs56376587"	"NFATC1"	"rheumatoid arthritis"
0.839823424816132	"rs1858037"	"SPRED2"	"rheumatoid arthritis"
0.839823424816132	"rs1858037"	"SPRED2"	"rheumatoid arthritis"
0.839557886123657	"rs12530098"	"CD83"	"rheumatoid arthritis"
0.839389264583588	"rs1858037"	"SPRED2"	"rheumatoid arthritis"
0.839317739009857	"rs1858036"	"SPRED2"	"rheumatoid arthritis"
0.839317739009857	"rs11126034"	"SPRED2"	"rheumatoid arthritis"
0.837704360485077	"rs72928038"	"BACH2"	"rheumatoid arthritis"
0.837704360485077	"rs72928038"	"BACH2"	"rheumatoid arthritis"
0.837041139602661	"rs10261758"	"IKZF1"	"rheumatoid arthritis"
0.835240542888641	"rs10795791"	"IL2RA"	"rheumatoid arthritis"
0.834071218967438	"rs12529514"	"CD83"	"rheumatoid arthritis"
0.833779573440552	"rs35576264"	"RTKN2"	"rheumatoid arthritis"
0.833513379096985	"rs2201584"	"IL12RB2"	"rheumatoid arthritis"
0.832149922847748	"rs360136"	"SWAP70"	"rheumatoid arthritis"
0.831338584423065	"rs6659932"	"IL12RB2"	"rheumatoid arthritis"
0.828974723815918	"rs2301888"	"PADI4"	"rheumatoid arthritis"
0.827761769294739	"rs1571878"	"CCR6"	"rheumatoid arthritis"
0.827245354652405	"rs2301888"	"PADI4"	"rheumatoid arthritis"
0.82409656047821	"rs2301888"	"PADI4"	"rheumatoid arthritis"
0.823736846446991	"rs2301888"	"PADI4"	"rheumatoid arthritis"
0.823661923408508	"rs2301888"	"PADI4"	"rheumatoid arthritis"
0.823652982711792	"rs2301888"	"PADI4"	"rheumatoid arthritis"
0.823334276676178	"rs2240339"	"PADI4"	"rheumatoid arthritis"
0.822573006153107	"rs1858037"	"SPRED2"	"rheumatoid arthritis"
0.822262942790985	"rs7517847"	"C1orf141"	"rheumatoid arthritis"
0.822222232818604	"rs934734"	"SPRED2"	"rheumatoid arthritis"
0.821393072605133	"rs11123811"	"AFF3"	"rheumatoid arthritis"
0.819678664207458	"rs2301888"	"PADI4"	"rheumatoid arthritis"
0.81756979227066	"rs3806624"	"EOMES"	"rheumatoid arthritis"
0.817530035972595	"rs2240339"	"PADI4"	"rheumatoid arthritis"
0.817495048046112	"rs10931468"	"NAB1"	"rheumatoid arthritis"
0.81616473197937	"rs10209110"	"AFF3"	"rheumatoid arthritis"
0.814982771873474	"rs1980422"	"CD28"	"rheumatoid arthritis"
0.814263999462128	"rs3761959"	"FCRL3"	"rheumatoid arthritis"
0.813891649246216	"rs1980422"	"CD28"	"rheumatoid arthritis"
0.809335887432098	"rs4264325"	"TMEM179"	"rheumatoid arthritis"
0.809133172035217	"rs111597524"	"NFKBIA"	"rheumatoid arthritis"
0.809071719646454	"rs9943599"	"SWAP70"	"rheumatoid arthritis"
0.808358430862427	"rs78894077"	"SH2B3"	"rheumatoid arthritis"
0.808200120925903	"rs2235909"	"PADI2"	"rheumatoid arthritis"
0.80741685628891	"rs1854853"	"CCR6"	"rheumatoid arthritis"
0.807171165943146	"rs744600"	"NAB1"	"rheumatoid arthritis"
0.806382715702057	"rs2076756"	"NOD2"	"rheumatoid arthritis"
0.803713738918304	"rs1980422"	"CD28"	"rheumatoid arthritis"
0.803596198558807	"rs3093019"	"CCR6"	"rheumatoid arthritis"
0.802586019039154	"rs6712515"	"AFF3"	"rheumatoid arthritis"
0.802472591400146	"rs56095903"	"REL"	"rheumatoid arthritis"
0.802411198616028	"rs678347"	"GRHL2"	"rheumatoid arthritis"
0.801387965679169	"rs11676922"	"AFF3"	"rheumatoid arthritis"
0.800143837928772	"rs678347"	"GRHL2"	"rheumatoid arthritis"
0.799270510673523	"rs1980422"	"CD28"	"rheumatoid arthritis"
0.798645913600922	"rs7749323"	"TNFAIP3"	"rheumatoid arthritis"
0.797557771205902	"rs11123811"	"AFF3"	"rheumatoid arthritis"
0.797273755073547	"rs11123810"	"AFF3"	"rheumatoid arthritis"
0.796680390834808	"rs3806624"	"EOMES"	"rheumatoid arthritis"
0.795027434825897	"rs13415465"	"AFF3"	"rheumatoid arthritis"
0.795024573802948	"rs2228145"	"IL6R"	"rheumatoid arthritis"
0.793910562992096	"rs1571878"	"CCR6"	"rheumatoid arthritis"
0.792930066585541	"rs1571878"	"CCR6"	"rheumatoid arthritis"
0.789793848991394	"rs3806624"	"EOMES"	"rheumatoid arthritis"
0.789650619029999	"rs35156883"	"SMC1B"	"rheumatoid arthritis"
0.788662433624268	"rs8126756"	"IFNGR2"	"rheumatoid arthritis"
0.788046181201935	"rs4452313"	"PLCL2"	"rheumatoid arthritis"
0.78697794675827	"rs13031237"	"REL"	"rheumatoid arthritis"
0.785664021968842	"rs4452313"	"PLCL2"	"rheumatoid arthritis"
0.78336364030838	"rs3134883"	"IL2RA"	"rheumatoid arthritis"
0.782273650169373	"rs13017599"	"REL"	"rheumatoid arthritis"
0.781908929347992	"rs71508903"	"ARID5B"	"rheumatoid arthritis"
0.781233310699463	"rs71508903"	"ARID5B"	"rheumatoid arthritis"
0.7808518409729	"rs10821944"	"ARID5B"	"rheumatoid arthritis"
0.780760645866394	"rs2301888"	"PADI4"	"rheumatoid arthritis"
0.780510604381561	"rs12764378"	"ARID5B"	"rheumatoid arthritis"
0.780424773693085	"rs71508903"	"ARID5B"	"rheumatoid arthritis"
0.780424773693085	"rs71508903"	"ARID5B"	"rheumatoid arthritis"
0.779204249382019	"rs71508903"	"ARID5B"	"rheumatoid arthritis"
0.779131412506104	"rs12764378"	"ARID5B"	"rheumatoid arthritis"
0.7783043384552	"rs10821944"	"ARID5B"	"rheumatoid arthritis"
0.777793288230896	"rs34695944"	"REL"	"rheumatoid arthritis"
0.777793288230896	"rs34695944"	"REL"	"rheumatoid arthritis"
0.777793288230896	"rs34695944"	"REL"	"rheumatoid arthritis"
0.777621030807495	"rs1980422"	"CD28"	"rheumatoid arthritis"
0.777117550373077	"rs4452313"	"PLCL2"	"rheumatoid arthritis"
0.776969850063324	"rs9494893"	"TNFAIP3"	"rheumatoid arthritis"
0.774841129779816	"rs34695944"	"REL"	"rheumatoid arthritis"
0.774841129779816	"rs34695944"	"REL"	"rheumatoid arthritis"
0.774671614170074	"rs1332099"	"NKX2-3"	"rheumatoid arthritis"
0.774280369281769	"rs34695944"	"REL"	"rheumatoid arthritis"
0.773053705692291	"rs3806624"	"EOMES"	"rheumatoid arthritis"
0.772320032119751	"rs11900673"	"B3GNT2"	"rheumatoid arthritis"
0.771992385387421	"rs1893592"	"UBASH3A"	"rheumatoid arthritis"
0.770908892154694	"rs2240335"	"PADI4"	"rheumatoid arthritis"
0.770908892154694	"rs2240335"	"PADI4"	"rheumatoid arthritis"
0.770620405673981	"rs2292327"	"NECAB2"	"rheumatoid arthritis"
0.769931197166443	"rs4452313"	"PLCL2"	"rheumatoid arthritis"
0.769923090934753	"rs1893592"	"UBASH3A"	"rheumatoid arthritis"
0.769923090934753	"rs1893592"	"UBASH3A"	"rheumatoid arthritis"
0.769923090934753	"rs1893592"	"UBASH3A"	"rheumatoid arthritis"
0.769923090934753	"rs1893592"	"UBASH3A"	"rheumatoid arthritis"
0.769454896450043	"rs9653442"	"AFF3"	"rheumatoid arthritis"
0.768315255641937	"rs1893592"	"UBASH3A"	"rheumatoid arthritis"
0.767966628074646	"rs2847297"	"PTPN2"	"rheumatoid arthritis"
0.767452120780945	"rs1776616"	"ZNF438"	"rheumatoid arthritis"
0.766893446445465	"rs6715284"	"FLACC1"	"rheumatoid arthritis"
0.7656569480896	"rs3093024"	"CCR6"	"rheumatoid arthritis"
0.765585541725159	"rs6715284"	"FLACC1"	"rheumatoid arthritis"
0.765364587306976	"rs9880772"	"EOMES"	"rheumatoid arthritis"
0.76458877325058	"rs13142500"	"CLNK"	"rheumatoid arthritis"
0.76458877325058	"rs13142500"	"CLNK"	"rheumatoid arthritis"
0.764340162277222	"rs1950897"	"RAD51B"	"rheumatoid arthritis"
0.762378692626953	"rs2240336"	"PADI4"	"rheumatoid arthritis"
0.762000560760498	"rs6696533"	"PTPRC"	"rheumatoid arthritis"
0.761757135391235	"rs13103285"	"CLNK"	"rheumatoid arthritis"
0.761560559272766	"rs1950897"	"RAD51B"	"rheumatoid arthritis"
0.760948657989502	"rs73194058"	"IFNGR2"	"rheumatoid arthritis"
0.758249938488007	"rs761426"	"PADI2"	"rheumatoid arthritis"
0.758156955242157	"rs1950897"	"RAD51B"	"rheumatoid arthritis"
0.757197797298431	"rs71508903"	"ARID5B"	"rheumatoid arthritis"
0.75713986158371	"rs212400"	"TAGAP"	"rheumatoid arthritis"
0.756709933280945	"rs9927316"	"IRF8"	"rheumatoid arthritis"
0.756319999694824	"rs3093017"	"CCR6"	"rheumatoid arthritis"
0.756099581718445	"rs3093017"	"CCR6"	"rheumatoid arthritis"
0.754829466342926	"rs3824660"	"GATA3"	"rheumatoid arthritis"
0.754563093185425	"rs3824660"	"GATA3"	"rheumatoid arthritis"
0.754563093185425	"rs3824660"	"GATA3"	"rheumatoid arthritis"
0.752927243709564	"rs1950897"	"RAD51B"	"rheumatoid arthritis"
0.752501249313354	"rs8040585"	"IQGAP1"	"rheumatoid arthritis"
0.75074565410614	"rs7278257"	"ICOSLG"	"rheumatoid arthritis"
0.750116109848022	"rs13330176"	"IRF8"	"rheumatoid arthritis"
0.750116109848022	"rs13330176"	"IRF8"	"rheumatoid arthritis"
0.74929267168045	"rs13330176"	"IRF8"	"rheumatoid arthritis"
0.748836755752563	"rs3824660"	"GATA3"	"rheumatoid arthritis"
0.748789727687836	"rs2765974"	"CELF2"	"rheumatoid arthritis"
0.748732030391693	"rs9693589"	"BLK"	"rheumatoid arthritis"
0.748649835586548	"rs2736337"	"BLK"	"rheumatoid arthritis"
0.747215211391449	"rs3802604"	"GATA3"	"rheumatoid arthritis"
0.746570706367493	"rs2736337"	"BLK"	"rheumatoid arthritis"
0.746116876602173	"rs3781094"	"GATA3"	"rheumatoid arthritis"
0.745941996574402	"rs2736340"	"BLK"	"rheumatoid arthritis"
0.745571255683899	"rs2736340"	"BLK"	"rheumatoid arthritis"
0.745521128177643	"rs1571878"	"CCR6"	"rheumatoid arthritis"
0.74526447057724	"rs883220"	"POU3F1"	"rheumatoid arthritis"
0.744753479957581	"rs149041927"	"PRKCB"	"rheumatoid arthritis"
0.744742214679718	"rs1571878"	"CCR6"	"rheumatoid arthritis"
0.744586408138275	"rs883220"	"POU3F1"	"rheumatoid arthritis"
0.744340360164642	"rs2736337"	"BLK"	"rheumatoid arthritis"
0.741979360580444	"rs12140275"	"POU3F1"	"rheumatoid arthritis"
0.741979360580444	"rs12140275"	"POU3F1"	"rheumatoid arthritis"
0.740744769573212	"rs231735"	"CTLA4"	"rheumatoid arthritis"
0.739245712757111	"rs1571878"	"CCR6"	"rheumatoid arthritis"
0.738789260387421	"rs2049985"	"SYNGR1"	"rheumatoid arthritis"
0.736764550209045	"rs71508903"	"ARID5B"	"rheumatoid arthritis"
0.736478626728058	"rs2451258"	"TAGAP"	"rheumatoid arthritis"
0.736478626728058	"rs2451258"	"TAGAP"	"rheumatoid arthritis"
0.736478626728058	"rs2451258"	"TAGAP"	"rheumatoid arthritis"
0.736478626728058	"rs2451258"	"TAGAP"	"rheumatoid arthritis"
0.736130893230438	"rs73013527"	"ETS1"	"rheumatoid arthritis"
0.734493255615234	"rs73013527"	"ETS1"	"rheumatoid arthritis"
0.734394669532776	"rs244685"	"TCF7"	"rheumatoid arthritis"
0.734070420265198	"rs2275806"	"GATA3"	"rheumatoid arthritis"
0.733676016330719	"rs2317230"	"FCRL3"	"rheumatoid arthritis"
0.733508765697479	"rs4602367"	"PLCL2"	"rheumatoid arthritis"
0.733190715312958	"rs73013527"	"ETS1"	"rheumatoid arthritis"
0.732766330242157	"rs5029924"	"TNFAIP3"	"rheumatoid arthritis"
0.730803370475769	"rs2069235"	"SYNGR1"	"rheumatoid arthritis"
0.729303359985352	"rs2558210"	"CD28"	"rheumatoid arthritis"
0.728576481342316	"rs1830035"	"ZNF679"	"rheumatoid arthritis"
0.725897252559662	"rs911263"	"RAD51B"	"rheumatoid arthritis"
0.725216209888458	"rs3093017"	"CCR6"	"rheumatoid arthritis"
0.724185585975647	"rs6456160"	"CCR6"	"ACPA-positive rheumatoid arthritis"
0.723623633384705	"rs1571878"	"CCR6"	"rheumatoid arthritis"
0.722647428512573	"rs6456160"	"CCR6"	"ACPA-positive rheumatoid arthritis"
0.722175776958466	"rs3087243"	"CTLA4"	"rheumatoid arthritis"
0.721985876560211	"rs2275806"	"GATA3"	"rheumatoid arthritis"
0.721042394638062	"rs2234067"	"ETV7"	"rheumatoid arthritis"
0.720902144908905	"rs7752903"	"TNFAIP3"	"rheumatoid arthritis"
0.719121873378754	"rs9653442"	"AFF3"	"rheumatoid arthritis"
0.719082355499268	"rs9653442"	"AFF3"	"rheumatoid arthritis"
0.718439042568207	"rs9532434"	"COG6"	"rheumatoid arthritis"
0.718242347240448	"rs909685"	"SYNGR1"	"rheumatoid arthritis"
0.718060970306396	"rs1748041"	"PADI4"	"rheumatoid arthritis"
0.717813372612	"rs11571293"	"CTLA4"	"rheumatoid arthritis"
0.717813372612	"rs11571293"	"CTLA4"	"rheumatoid arthritis"
0.717813372612	"rs11571293"	"CTLA4"	"ACPA-positive rheumatoid arthritis"
0.71741384267807	"rs11571293"	"CTLA4"	"ACPA-positive rheumatoid arthritis"
0.716650903224945	"rs909685"	"SYNGR1"	"rheumatoid arthritis"
0.716004967689514	"rs7752903"	"TNFAIP3"	"rheumatoid arthritis"
0.715858280658722	"rs9653442"	"AFF3"	"rheumatoid arthritis"
0.715617835521698	"rs909685"	"SYNGR1"	"rheumatoid arthritis"
0.714628398418427	"rs10435844"	"TRAF1"	"rheumatoid arthritis"
0.714381635189056	"rs2234067"	"ETV7"	"rheumatoid arthritis"
0.712233006954193	"rs2918392"	"DAP"	"rheumatoid arthritis"
0.711967527866364	"rs909685"	"SYNGR1"	"rheumatoid arthritis"
0.710525393486023	"rs1538981"	"ZNF438"	"rheumatoid arthritis"
0.707946121692657	"rs4239702"	"CD40"	"rheumatoid arthritis"
0.707786381244659	"rs2476601"	"PTPN22"	"ACPA-positive rheumatoid arthritis"
0.707786381244659	"rs2476601"	"PTPN22"	"ACPA-positive rheumatoid arthritis"
0.70775294303894	"rs3761959"	"FCRL3"	"rheumatoid arthritis"
0.707562625408173	"rs1571878"	"CCR6"	"rheumatoid arthritis"
0.70685601234436	"rs4239702"	"CD40"	"rheumatoid arthritis"
0.70685601234436	"rs4239702"	"CD40"	"rheumatoid arthritis"
0.70685601234436	"rs4239702"	"CD40"	"rheumatoid arthritis"
0.706792712211609	"rs1355208"	"LBH"	"rheumatoid arthritis"
0.70615017414093	"rs6479800"	"RTKN2"	"rheumatoid arthritis"
0.705365002155304	"rs1571878"	"CCR6"	"rheumatoid arthritis"
0.704958736896515	"rs10912488"	"TNFSF18"	"rheumatoid arthritis"
0.70487642288208	"rs10045431"	"IL12B"	"rheumatoid arthritis"
0.704839885234833	"rs1854853"	"CCR6"	"rheumatoid arthritis"
0.70368230342865	"rs201408742"	"GPR174"	"rheumatoid arthritis"
0.70368230342865	"rs201408742"	"GPR174"	"rheumatoid arthritis"
0.703180193901062	"rs10175798"	"LBH"	"rheumatoid arthritis"
0.70232105255127	"rs10175798"	"LBH"	"rheumatoid arthritis"
0.702100217342377	"rs10175798"	"LBH"	"rheumatoid arthritis"
0.701317429542542	"rs1883832"	"CD40"	"rheumatoid arthritis"
0.701150119304657	"rs2476601"	"PTPN22"	"rheumatoid arthritis"
0.701119422912598	"rs1883832"	"CD40"	"rheumatoid arthritis"
0.701015055179596	"rs770667"	"PLCL1"	"rheumatoid arthritis"
0.700525939464569	"rs2075876"	"AIRE"	"rheumatoid arthritis"
0.700523138046265	"rs4810485"	"CD40"	"rheumatoid arthritis"
0.700471341609955	"rs7579944"	"LBH"	"rheumatoid arthritis"
0.700471341609955	"rs7579944"	"LBH"	"rheumatoid arthritis"
0.69957572221756	"rs2476601"	"PTPN22"	"rheumatoid arthritis"
0.69957572221756	"rs2476601"	"PTPN22"	"rheumatoid arthritis"
0.699373364448547	"rs6619397"	"GPR174"	"rheumatoid arthritis"
0.698071718215942	"rs2476601"	"PTPN22"	"rheumatoid arthritis"
0.697719395160675	"rs3778753"	"IRF5"	"rheumatoid arthritis"
0.696244180202484	"rs2476601"	"PTPN22"	"rheumatoid arthritis"
0.695892214775085	"rs116647495"	"ITPR3"	"rheumatoid arthritis"
0.695104956626892	"rs3778753"	"IRF5"	"rheumatoid arthritis"
0.695104956626892	"rs3778753"	"IRF5"	"rheumatoid arthritis"
0.694179594516754	"rs3778753"	"IRF5"	"rheumatoid arthritis"
0.692319333553314	"rs909685"	"SYNGR1"	"rheumatoid arthritis"
0.689259052276611	"rs7426056"	"CD28"	"rheumatoid arthritis"
0.689132809638977	"rs12379034"	"CDK5RAP2"	"rheumatoid arthritis"
0.687237501144409	"rs6920220"	"OLIG3"	"rheumatoid arthritis"
0.687237501144409	"rs17264332"	"OLIG3"	"rheumatoid arthritis"
0.687237501144409	"rs17264332"	"OLIG3"	"rheumatoid arthritis"
0.686736822128296	"rs624988"	"CD2"	"rheumatoid arthritis"
0.686621844768524	"rs9603616"	"COG6"	"rheumatoid arthritis"
0.686319768428802	"rs56139217"	"RTKN2"	"rheumatoid arthritis"
0.685142934322357	"rs3761847"	"TRAF1"	"rheumatoid arthritis"
0.684329509735107	"rs9603616"	"COG6"	"rheumatoid arthritis"
0.683457255363464	"rs4810485"	"CD40"	"rheumatoid arthritis"
0.681157290935516	"rs10760126"	"TRAF1"	"rheumatoid arthritis"
0.680976986885071	"rs3763309"	"BTNL2"	"rheumatoid arthritis"
0.68058568239212	"rs3807306"	"IRF5"	"rheumatoid arthritis"
0.670788168907166	"rs116647495"	"ITPR3"	"rheumatoid arthritis"
0.669809758663177	"rs7097397"	"WDFY4"	"rheumatoid arthritis"
0.668299853801727	"rs16947122"	"FBXW8"	"rheumatoid arthritis"
0.663807988166809	"rs3825568"	"ZFP36L1"	"rheumatoid arthritis"
0.661866903305054	"rs2228145"	"IL6R"	"rheumatoid arthritis"
0.661366760730743	"rs726288"	"SFTPD"	"rheumatoid arthritis"
0.660184741020203	"rs12126142"	"IL6R"	"rheumatoid arthritis"
0.660010159015656	"rs3783782"	"PRKCH"	"rheumatoid arthritis"
0.660010159015656	"rs3783782"	"PRKCH"	"rheumatoid arthritis"
0.660009562969208	"rs2228145"	"IL6R"	"rheumatoid arthritis"
0.657343506813049	"rs624988"	"CD2"	"rheumatoid arthritis"
0.654980719089508	"rs11868709"	"TMEM235"	"rheumatoid arthritis"
0.652045667171478	"rs9603612"	"COG6"	"rheumatoid arthritis"
0.651501357555389	"rs10985070"	"TRAF1"	"rheumatoid arthritis"
0.65124899148941	"rs13054355"	"SDF2L1"	"rheumatoid arthritis"
0.650883674621582	"rs3792109"	"ATG16L1"	"rheumatoid arthritis"
0.650878727436066	"rs2900180"	"TRAF1"	"rheumatoid arthritis"
0.649923145771027	"rs2269060"	"TRAF1"	"rheumatoid arthritis"
0.649445354938507	"rs10499194"	"OLIG3"	"rheumatoid arthritis"
0.648681044578552	"rs10985070"	"TRAF1"	"rheumatoid arthritis"
0.648642778396606	"rs10999147"	"AIFM2"	"rheumatoid arthritis"
0.648516118526459	"rs227163"	"TNFRSF9"	"rheumatoid arthritis"
0.648279190063477	"rs3125734"	"RTKN2"	"rheumatoid arthritis"
0.643648326396942	"rs4810485"	"CD40"	"rheumatoid arthritis"
0.643086612224579	"rs9603616"	"COG6"	"rheumatoid arthritis"
0.642620086669922	"rs7854383"	"SPATA31D4"	"rheumatoid arthritis"
0.642259478569031	"rs779879099"	"SLC17A2"	"ACPA-positive rheumatoid arthritis"
0.642259478569031	"rs779879099"	"SLC17A2"	"ACPA-positive rheumatoid arthritis"
0.642068326473236	"rs2561477"	"MACIR"	"rheumatoid arthritis"
0.64046049118042	"rs779879099"	"SLC17A2"	"rheumatoid arthritis"
0.640009880065918	"rs2561477"	"MACIR"	"rheumatoid arthritis"
0.639621496200562	"rs12379034"	"CDK5RAP2"	"rheumatoid arthritis"
0.639049768447876	"rs9603616"	"COG6"	"rheumatoid arthritis"
0.638460278511047	"rs2561477"	"MACIR"	"rheumatoid arthritis"
0.638460278511047	"rs2561477"	"MACIR"	"rheumatoid arthritis"
0.634693503379822	"rs6032662"	"CD40"	"rheumatoid arthritis"
0.633995175361633	"rs403214"	"MACIR"	"rheumatoid arthritis"
0.633560836315155	"rs4958880"	"TNIP1"	"rheumatoid arthritis"
0.632928609848022	"rs10985070"	"TRAF1"	"rheumatoid arthritis"
0.631856679916382	"rs9603618"	"COG6"	"rheumatoid arthritis"
0.631080090999603	"rs1003342"	"HORMAD2"	"rheumatoid arthritis"
0.631007432937622	"rs2561477"	"MACIR"	"rheumatoid arthritis"
0.628896176815033	"rs2834512"	"RCAN1"	"rheumatoid arthritis"
0.626517415046692	"rs1883832"	"CD40"	"rheumatoid arthritis"
0.625903725624084	"rs2671692"	"WDFY4"	"rheumatoid arthritis"
0.624932825565338	"rs10985070"	"TRAF1"	"rheumatoid arthritis"
0.624840915203094	"rs61828284"	"TNFSF4"	"rheumatoid arthritis"
0.623544037342072	"rs2847297"	"PTPN2"	"rheumatoid arthritis"
0.622313141822815	"rs793108"	"ZNF438"	"rheumatoid arthritis"
0.622082710266113	"rs4963581"	"SOX5"	"rheumatoid arthritis"
0.621593773365021	"rs881375"	"TRAF1"	"rheumatoid arthritis"
0.616523444652557	"rs2422345"	"PRDX6"	"rheumatoid arthritis"
0.614499926567078	"rs2476601"	"PTPN22"	"rheumatoid arthritis"
0.61424320936203	"rs2105325"	"PRDX6"	"rheumatoid arthritis"
0.61424320936203	"rs2105325"	"PRDX6"	"rheumatoid arthritis"
0.61424320936203	"rs2105325"	"PRDX6"	"rheumatoid arthritis"
0.613659024238586	"rs2105325"	"PRDX6"	"rheumatoid arthritis"
0.606651842594147	"rs3104413"	"HLA-DQA1"	"rheumatoid arthritis"
0.605995416641235	"rs2843401"	"MMEL1"	"rheumatoid arthritis"
0.604396998882294	"rs10797431"	"MMEL1"	"rheumatoid arthritis"
0.60371994972229	"rs543276592"	"SLC17A1"	"rheumatoid arthritis"
0.602728664875031	"rs6664969"	"MMEL1"	"rheumatoid arthritis"
0.597905158996582	"rs3890745"	"MMEL1"	"rheumatoid arthritis"
0.595583617687225	"rs6596147"	"FSTL4"	"rheumatoid arthritis"
0.595488786697388	"rs3093017"	"CCR6"	"rheumatoid arthritis"
0.594974458217621	"rs2671692"	"WDFY4"	"rheumatoid arthritis"
0.594751238822937	"rs2843401"	"MMEL1"	"rheumatoid arthritis"
0.592922627925873	"rs2072438"	"TRAF1"	"rheumatoid arthritis"
0.592805802822113	"rs7110818"	"LRRC32"	"rheumatoid arthritis"
0.592493295669556	"rs4073285"	"MMEL1"	"rheumatoid arthritis"
0.591584146022797	"rs1571878"	"CCR6"	"rheumatoid arthritis"
0.590671479701996	"rs13238352"	"TNPO3"	"rheumatoid arthritis"
0.589508235454559	"rs6920220"	"OLIG3"	"rheumatoid arthritis"
0.586030840873718	"rs7517847"	"IL23R"	"rheumatoid arthritis"
0.581243455410004	"rs3093023"	"CCR6"	"rheumatoid arthritis"
0.579703211784363	"rs6752643"	"PLCL1"	"rheumatoid arthritis"
0.57694149017334	"rs6920220"	"OLIG3"	"rheumatoid arthritis"
0.572362124919891	"rs11757201"	"OLIG3"	"rheumatoid arthritis"
0.568610012531281	"rs2841269"	"PLD4"	"rheumatoid arthritis"
0.566937804222107	"rs7854383"	"TLE1"	"rheumatoid arthritis"
0.565109312534332	"rs11066301"	"HECTD4"	"rheumatoid arthritis"
0.56488424539566	"rs2841275"	"PLD4"	"rheumatoid arthritis"
0.564861416816711	"rs80202727"	"TCTE1"	"rheumatoid arthritis"
0.562358677387238	"rs4918037"	"SH3PXD2A"	"rheumatoid arthritis"
0.557643592357635	"rs113243085"	"BAK1"	"rheumatoid arthritis"
0.556667685508728	"rs113243085"	"BAK1"	"rheumatoid arthritis"
0.556667685508728	"rs113243085"	"BAK1"	"rheumatoid arthritis"
0.556667685508728	"rs113243085"	"BAK1"	"rheumatoid arthritis"
0.554967820644379	"rs16878091"	"RBPJ"	"rheumatoid arthritis"
0.554967820644379	"rs12506688"	"RBPJ"	"rheumatoid arthritis"
0.55459451675415	"rs12506688"	"RBPJ"	"rheumatoid arthritis"
0.55425488948822	"rs10737481"	"RNF186"	"rheumatoid arthritis"
0.551200747489929	"rs1217393"	"BCL2L15"	"rheumatoid arthritis"
0.549703180789948	"rs6894249"	"IRF1"	"rheumatoid arthritis"
0.549401760101318	"rs2531804"	"ZSCAN23"	"rheumatoid arthritis"
0.547366857528687	"rs72634030"	"RABEP1"	"rheumatoid arthritis"
0.547100186347961	"rs8087252"	"CTIF"	"rheumatoid arthritis"
0.545886158943176	"rs2841277"	"PLD4"	"rheumatoid arthritis"
0.543524146080017	"rs624988"	"IGSF3"	"rheumatoid arthritis"
0.542759835720062	"rs947474"	"PFKFB3"	"rheumatoid arthritis"
0.542426347732544	"rs10954214"	"TNPO3"	"rheumatoid arthritis"
0.541006028652191	"rs947474"	"PFKFB3"	"rheumatoid arthritis"
0.540334463119507	"rs624988"	"IGSF3"	"rheumatoid arthritis"
0.538598716259003	"rs947474"	"PFKFB3"	"rheumatoid arthritis"
0.538384795188904	"rs947474"	"PFKFB3"	"rheumatoid arthritis"
0.538040578365326	"rs9468356"	"ZSCAN12"	"rheumatoid arthritis"
0.537751197814941	"rs947474"	"PFKFB3"	"rheumatoid arthritis"
0.537736475467682	"rs3781913"	"PDE2A"	"rheumatoid arthritis"
0.535460591316223	"rs7854383"	"SPATA31D3"	"rheumatoid arthritis"
0.535235285758972	"rs947474"	"PFKFB3"	"rheumatoid arthritis"
0.533790469169617	"rs9372120"	"ATG5"	"rheumatoid arthritis"
0.532623469829559	"rs55838263"	"INAVA"	"rheumatoid arthritis"
0.532499313354492	"rs9372120"	"ATG5"	"rheumatoid arthritis"
0.530870020389557	"rs11933540"	"RBPJ"	"rheumatoid arthritis"
0.530870020389557	"rs11933540"	"RBPJ"	"rheumatoid arthritis"
0.529873728752136	"rs11933540"	"RBPJ"	"rheumatoid arthritis"
0.529778063297272	"rs62422878"	"ATG5"	"rheumatoid arthritis"
0.52920401096344	"rs6920220"	"OLIG3"	"rheumatoid arthritis"
0.526708006858826	"rs34046593"	"RBPJ"	"rheumatoid arthritis"
0.521645426750183	"rs2296330"	"UQCC2"	"rheumatoid arthritis"
0.52121102809906	"rs12061333"	"MAGI3"	"rheumatoid arthritis"
0.520985007286072	"rs2233424"	"NFKBIE"	"rheumatoid arthritis"
0.519409835338593	"rs4305317"	"PKDCC"	"rheumatoid arthritis"
0.517038762569427	"rs73081554"	"PXK"	"rheumatoid arthritis"
0.516157567501068	"rs147018773"	"IRGM"	"rheumatoid arthritis"
0.514613091945648	"rs17630466"	"RBPJ"	"rheumatoid arthritis"
0.509899258613586	"rs17849502"	"NCF2"	"rheumatoid arthritis"
0.508345663547516	"rs615672"	"HLA-DRB1"	"rheumatoid arthritis"
0.507926464080811	"rs17849502"	"NCF2"	"rheumatoid arthritis"
0.50602263212204	"rs1182531"	"PHACTR3"	"rheumatoid arthritis"
0.505782544612885	"rs6705628"	"TET3"	"rheumatoid arthritis"
0.505744993686676	"rs6920220"	"OLIG3"	"rheumatoid arthritis"
0.505130350589752	"rs2745106"	"PTX4"	"rheumatoid arthritis"
0.503688991069794	"rs2233424"	"NFKBIE"	"rheumatoid arthritis"
0.50124204158783	"rs2233424"	"NFKBIE"	"rheumatoid arthritis"
0.495307207107544	"rs6018432"	"SRC"	"rheumatoid arthritis"
0.494254559278488	"rs2233434"	"NFKBIE"	"rheumatoid arthritis"
0.49188831448555	"rs2233434"	"NFKBIE"	"rheumatoid arthritis"
0.49050185084343	"rs2233424"	"NFKBIE"	"rheumatoid arthritis"
0.490124017000198	"rs7206670"	"TXNDC11"	"rheumatoid arthritis"
0.484356999397278	"rs7258015"	"ICAM3"	"rheumatoid arthritis"
0.483666092157364	"rs244672"	"TCF7"	"rheumatoid arthritis"
0.483600854873657	"rs5757628"	"SYNGR1"	"rheumatoid arthritis"
0.480719208717346	"rs4936059"	"FLI1"	"rheumatoid arthritis"
0.478346318006516	"rs3024493"	"IL19"	"rheumatoid arthritis"
0.477215260267258	"rs10073277"	"TTC33"	"rheumatoid arthritis"
0.475527852773666	"rs28362859"	"NFKBIE"	"rheumatoid arthritis"
0.473649173974991	"rs42034"	"CDK6"	"rheumatoid arthritis"
0.473084956407547	"rs34536443"	"TYK2"	"rheumatoid arthritis"
0.468455791473389	"rs12601925"	"SMTNL2"	"rheumatoid arthritis"
0.467467069625854	"rs13101828"	"IDUA"	"rheumatoid arthritis"
0.467281222343445	"rs947474"	"PRKCQ"	"rheumatoid arthritis"
0.467281222343445	"rs947474"	"PRKCQ"	"rheumatoid arthritis"
0.467281222343445	"rs947474"	"PRKCQ"	"rheumatoid arthritis"
0.467281222343445	"rs947474"	"PRKCQ"	"rheumatoid arthritis"
0.467281222343445	"rs947474"	"PRKCQ"	"rheumatoid arthritis"
0.466081589460373	"rs74376220"	"SGK1"	"rheumatoid arthritis"
0.465718030929565	"rs28362859"	"TCTE1"	"rheumatoid arthritis"
0.465358585119247	"rs10761659"	"ADO"	"rheumatoid arthritis"
0.464546978473663	"rs79145843"	"ARAP1"	"rheumatoid arthritis"
0.463861048221588	"rs2233424"	"NFKBIE"	"rheumatoid arthritis"
0.462180107831955	"rs4780401"	"TXNDC11"	"rheumatoid arthritis"
0.461147546768188	"rs947474"	"PRKCQ"	"rheumatoid arthritis"
0.458939850330353	"rs28362859"	"NFKBIE"	"rheumatoid arthritis"
0.457859665155411	"rs968567"	"FADS1"	"rheumatoid arthritis"
0.454124957323074	"rs1943199"	"SMIM21"	"rheumatoid arthritis"
0.453213661909103	"rs2157337"	"HLA-DRB5"	"rheumatoid arthritis"
0.452664881944656	"rs4272"	"CDK6"	"rheumatoid arthritis"
0.452487707138062	"rs2233424"	"NFKBIE"	"rheumatoid arthritis"
0.45112156867981	"rs4272"	"CDK6"	"rheumatoid arthritis"
0.449824780225754	"rs2671692"	"LRRC18"	"rheumatoid arthritis"
0.448947340250015	"rs1044690"	"TCTE1"	"rheumatoid arthritis"
0.44872197508812	"rs57912571"	"HLA-DOB"	"rheumatoid arthritis"
0.448264956474304	"rs11574914"	"CCL21"	"rheumatoid arthritis"
0.447993576526642	"rs11574914"	"CCL21"	"rheumatoid arthritis"
0.447993576526642	"rs11574914"	"CCL21"	"rheumatoid arthritis"
0.446992576122284	"rs4602043"	"RBFOX1"	"rheumatoid arthritis"
0.446384996175766	"rs13192471"	"HLA-DQB1"	"rheumatoid arthritis"
0.445532411336899	"rs11066188"	"HECTD4"	"rheumatoid arthritis"
0.444937139749527	"rs73081554"	"PXK"	"rheumatoid arthritis"
0.44108983874321	"rs3812565"	"SNAPC4"	"rheumatoid arthritis"
0.4400315284729	"rs2812378"	"CCL21"	"rheumatoid arthritis"
0.439960092306137	"rs3731714"	"CASP10"	"rheumatoid arthritis"
0.438387036323547	"rs10484565"	"TAP2"	"rheumatoid arthritis"
0.437767297029495	"rs2812378"	"CCL21"	"rheumatoid arthritis"
0.437069058418274	"rs2812378"	"CCL21"	"rheumatoid arthritis"
0.437045335769653	"rs2812378"	"CCL21"	"rheumatoid arthritis"
0.436148166656494	"rs10275421"	"IFT22"	"rheumatoid arthritis"
0.434655606746674	"rs5754467"	"YDJC"	"rheumatoid arthritis"
0.434167891740799	"rs5754100"	"YDJC"	"rheumatoid arthritis"
0.42979022860527	"rs4821124"	"YDJC"	"rheumatoid arthritis"
0.429593473672867	"rs11574914"	"CCL21"	"rheumatoid arthritis"
0.427066683769226	"rs660895"	"HLA-DQA1"	"rheumatoid arthritis"
0.425599455833435	"rs757123"	"MSI1"	"rheumatoid arthritis"
0.424922525882721	"rs11574914"	"CCL21"	"rheumatoid arthritis"
0.424159348011017	"rs2812378"	"CCL21"	"rheumatoid arthritis"
0.423954844474792	"rs660895"	"HLA-DQA1"	"rheumatoid arthritis"
0.423702418804169	"rs2233424"	"NFKBIE"	"rheumatoid arthritis"
0.420899301767349	"rs11085725"	"TYK2"	"rheumatoid arthritis"
0.42073729634285	"rs10484565"	"TAP2"	"rheumatoid arthritis"
0.42073729634285	"rs10484565"	"TAP2"	"ACPA-positive rheumatoid arthritis"
0.418506920337677	"rs28362859"	"TCTE1"	"rheumatoid arthritis"
0.417493551969528	"rs9784858"	"HLA-DOB"	"rheumatoid arthritis"
0.417493551969528	"rs9784858"	"HLA-DOB"	"ACPA-positive rheumatoid arthritis"
0.417470842599869	"rs2582532"	"PLD4"	"rheumatoid arthritis"
0.417360126972198	"rs16867384"	"ITGA4"	"rheumatoid arthritis"
0.416986644268036	"rs2841275"	"AHNAK2"	"rheumatoid arthritis"
0.416863441467285	"rs2841269"	"AHNAK2"	"rheumatoid arthritis"
0.415792226791382	"rs660895"	"HLA-DQA1"	"rheumatoid arthritis"
0.415575265884399	"rs13101828"	"DGKQ"	"rheumatoid arthritis"
0.415508240461349	"rs151314883"	"SYNGR1"	"rheumatoid arthritis"
0.413073360919952	"rs57912571"	"HLA-DOB"	"ACPA-positive rheumatoid arthritis"
0.409907042980194	"rs61828284"	"PRDX6"	"rheumatoid arthritis"
0.409660518169403	"rs57912571"	"HLA-DQB2"	"ACPA-positive rheumatoid arthritis"
0.407230973243713	"rs1005133"	"TBX1"	"rheumatoid arthritis"
0.405833959579468	"rs35677470"	"DNASE1L3"	"rheumatoid arthritis"
0.401879280805588	"rs2671692"	"LRRC18"	"rheumatoid arthritis"
0.401173144578934	"rs59716545"	"ZPBP2"	"rheumatoid arthritis"
0.400155782699585	"rs59716545"	"ZPBP2"	"rheumatoid arthritis"
0.399672418832779	"rs2493291"	"PRDM16"	"rheumatoid arthritis"
0.399275302886963	"rs35677470"	"DNASE1L3"	"rheumatoid arthritis"
0.399200826883316	"rs59716545"	"ZPBP2"	"rheumatoid arthritis"
0.398623764514923	"rs59716545"	"ZPBP2"	"rheumatoid arthritis"
0.397645801305771	"rs2283790"	"YDJC"	"rheumatoid arthritis"
0.397409200668335	"rs4780401"	"TXNDC11"	"rheumatoid arthritis"
0.395880281925201	"rs10484565"	"HLA-DOB"	"rheumatoid arthritis"
0.395880281925201	"rs10484565"	"HLA-DOB"	"ACPA-positive rheumatoid arthritis"
0.395673602819443	"rs660895"	"HLA-DRB1"	"rheumatoid arthritis"
0.395556569099426	"rs2105325"	"TNFSF4"	"rheumatoid arthritis"
0.395556569099426	"rs2105325"	"TNFSF4"	"rheumatoid arthritis"
0.395274192094803	"rs2105325"	"TNFSF4"	"rheumatoid arthritis"
0.394737750291824	"rs11066301"	"PTPN11"	"rheumatoid arthritis"
0.394369691610336	"rs2872507"	"ZPBP2"	"rheumatoid arthritis"
0.393583834171295	"rs9296015"	"NOTCH4"	"rheumatoid arthritis"
0.393116563558578	"rs12936409"	"ZPBP2"	"rheumatoid arthritis"
0.392544031143188	"rs6679677"	"PHTF1"	"rheumatoid arthritis"
0.390549391508102	"rs13192471"	"HLA-DQA2"	"rheumatoid arthritis"
0.389506846666336	"rs3731714"	"CFLAR"	"rheumatoid arthritis"
0.386106729507446	"rs1044690"	"NFKBIE"	"rheumatoid arthritis"
0.385968059301376	"rs9373203"	"PERP"	"rheumatoid arthritis"
0.384452939033508	"rs2105325"	"TNFSF4"	"rheumatoid arthritis"
0.384190738201141	"rs59716545"	"ZPBP2"	"rheumatoid arthritis"
0.383109748363495	"rs1044690"	"TMEM151B"	"rheumatoid arthritis"
0.382999777793884	"rs2306848"	"CPA4"	"rheumatoid arthritis"
0.382925927639008	"rs3129891"	"HLA-DRA"	"rheumatoid arthritis"
0.382925927639008	"rs3129891"	"HLA-DRA"	"ACPA-positive rheumatoid arthritis"
0.38166481256485	"rs2233424"	"TCTE1"	"rheumatoid arthritis"
0.379848718643188	"rs2258734"	"TNFRSF14"	"rheumatoid arthritis"
0.379787027835846	"rs10911902"	"TPR"	"rheumatoid arthritis"
0.377006828784943	"rs512244"	"RAB28"	"rheumatoid arthritis"
0.373917371034622	"rs660895"	"HLA-DRB1"	"rheumatoid arthritis"
0.373878747224808	"rs9405192"	"IRF4"	"rheumatoid arthritis"
0.372722059488297	"rs2233424"	"TCTE1"	"rheumatoid arthritis"
0.372100800275803	"rs4409785"	"FAM76B"	"rheumatoid arthritis"
0.369780421257019	"rs1547233"	"JAM2"	"rheumatoid arthritis"
0.368768393993378	"rs872863"	"CRB2"	"rheumatoid arthritis"
0.367657333612442	"rs1217393"	"AP4B1"	"rheumatoid arthritis"
0.367642432451248	"rs13426947"	"STAT1"	"rheumatoid arthritis"
0.365670680999756	"rs76246107"	"PRR12"	"rheumatoid arthritis"
0.365163266658783	"rs10152590"	"RPLP1"	"rheumatoid arthritis"
0.364354878664017	"rs148363003"	"SLAMF6"	"rheumatoid arthritis"
0.363768011331558	"rs2841277"	"AHNAK2"	"rheumatoid arthritis"
0.357939720153809	"rs13426947"	"STAT1"	"rheumatoid arthritis"
0.357834875583649	"rs77465633"	"ATXN2"	"rheumatoid arthritis"
0.356897592544556	"rs113066392"	"GTF2I"	"rheumatoid arthritis"
0.355112016201019	"rs111469885"	"AIRE"	"rheumatoid arthritis"
0.353357911109924	"rs9378815"	"IRF4"	"rheumatoid arthritis"
0.353357911109924	"rs9378815"	"IRF4"	"rheumatoid arthritis"
0.353357911109924	"rs9378815"	"IRF4"	"rheumatoid arthritis"
0.353357911109924	"rs9378815"	"IRF4"	"rheumatoid arthritis"
0.350779920816422	"rs1547233"	"MRPL39"	"rheumatoid arthritis"
0.350757420063019	"rs113066392"	"GTF2I"	"rheumatoid arthritis"
0.350150108337402	"rs2233424"	"TCTE1"	"rheumatoid arthritis"
0.35012498497963	"rs2233424"	"TCTE1"	"rheumatoid arthritis"
0.34979772567749	"rs2306848"	"CPA5"	"rheumatoid arthritis"
0.345711261034012	"rs872863"	"DENND1A"	"rheumatoid arthritis"
0.345090508460999	"rs13426947"	"STAT1"	"rheumatoid arthritis"
0.343195617198944	"rs6011186"	"ZBTB46"	"rheumatoid arthritis"
0.342082738876343	"rs7097397"	"LRRC18"	"rheumatoid arthritis"
0.341811954975128	"rs10790268"	"DDX6"	"rheumatoid arthritis"
0.341592371463776	"rs11893432"	"STAT1"	"rheumatoid arthritis"
0.340366631746292	"rs67676925"	"CCR3"	"rheumatoid arthritis"
0.338078647851944	"rs62323881"	"KIAA1109"	"rheumatoid arthritis"
0.337646901607513	"rs28411352"	"INPP5B"	"rheumatoid arthritis"
0.336964815855026	"rs28411352"	"INPP5B"	"rheumatoid arthritis"
0.336602121591568	"rs28411352"	"INPP5B"	"rheumatoid arthritis"
0.334326505661011	"rs28411352"	"INPP5B"	"rheumatoid arthritis"
0.33386692404747	"rs7854383"	"SPATA31D1"	"rheumatoid arthritis"
0.333680808544159	"rs17604670"	"AP1AR"	"rheumatoid arthritis"
0.332504153251648	"rs116647495"	"UQCC2"	"rheumatoid arthritis"
0.331547200679779	"rs8026898"	"RPLP1"	"rheumatoid arthritis"
0.331325024366379	"rs2233424"	"TCTE1"	"rheumatoid arthritis"
0.33008599281311	"rs4266763"	"CARD9"	"rheumatoid arthritis"
0.327367454767227	"rs2233424"	"TCTE1"	"rheumatoid arthritis"
0.326886862516403	"rs10790268"	"DDX6"	"rheumatoid arthritis"
0.324408978223801	"rs8026898"	"RPLP1"	"rheumatoid arthritis"
0.324217319488525	"rs8026898"	"RPLP1"	"rheumatoid arthritis"
0.323958843946457	"rs968567"	"FADS2"	"rheumatoid arthritis"
0.323902696371078	"rs2296330"	"ITPR3"	"rheumatoid arthritis"
0.323414653539658	"rs8026898"	"RPLP1"	"rheumatoid arthritis"
0.323414653539658	"rs8026898"	"RPLP1"	"rheumatoid arthritis"
0.321549355983734	"rs8026898"	"RPLP1"	"rheumatoid arthritis"
0.321352362632751	"rs2076756"	"CYLD"	"rheumatoid arthritis"
0.318850159645081	"rs2736340"	"FAM167A"	"rheumatoid arthritis"
0.318770170211792	"rs7170107"	"RPLP1"	"rheumatoid arthritis"
0.318390756845474	"rs2736340"	"FAM167A"	"rheumatoid arthritis"
0.317975848913193	"rs5754104"	"UBE2L3"	"rheumatoid arthritis"
0.317671805620193	"rs11217040"	"DDX6"	"rheumatoid arthritis"
0.31701123714447	"rs7574865"	"STAT1"	"rheumatoid arthritis"
0.317000091075897	"rs28411352"	"INPP5B"	"rheumatoid arthritis"
0.316528469324112	"rs12795702"	"FLI1"	"rheumatoid arthritis"
0.316358029842377	"rs6749371"	"STAT1"	"rheumatoid arthritis"
0.316278606653214	"rs16947122"	"HRK"	"rheumatoid arthritis"
0.316205531358719	"rs7574865"	"STAT1"	"rheumatoid arthritis"
0.31390705704689	"rs59716545"	"IKZF3"	"rheumatoid arthritis"
0.312361627817154	"rs80202727"	"TMEM151B"	"rheumatoid arthritis"
0.311392456293106	"rs74376220"	"ALDH8A1"	"rheumatoid arthritis"
0.310394078493118	"rs8026898"	"RPLP1"	"rheumatoid arthritis"
0.308359384536743	"rs17849502"	"SMG7"	"rheumatoid arthritis"
0.308359384536743	"rs17849502"	"SMG7"	"rheumatoid arthritis"
0.302292764186859	"rs2233434"	"TCTE1"	"rheumatoid arthritis"
0.302126616239548	"rs78608178"	"H2BC15"	"rheumatoid arthritis"
0.301758527755737	"rs10911902"	"PTGS2"	"rheumatoid arthritis"
0.301050841808319	"rs2233434"	"TCTE1"	"rheumatoid arthritis"
0.296928554773331	"rs1182531"	"SYCP2"	"rheumatoid arthritis"
0.296391397714615	"rs2596565"	"HLA-B"	"rheumatoid arthritis"
0.296368539333344	"rs73081554"	"PXK"	"rheumatoid arthritis"
0.29218128323555	"rs10790268"	"DDX6"	"rheumatoid arthritis"
0.292163908481598	"rs2872507"	"IKZF3"	"rheumatoid arthritis"
0.290710359811783	"rs7929541"	"CDHR5"	"rheumatoid arthritis"
0.290371060371399	"rs35156883"	"FAM118A"	"rheumatoid arthritis"
0.290366113185883	"rs2618444"	"FAM167A"	"rheumatoid arthritis"
0.289495050907135	"rs80202727"	"NFKBIE"	"rheumatoid arthritis"
0.289239495992661	"rs2296330"	"UQCC2"	"rheumatoid arthritis"
0.28859668970108	"rs6679677"	"PHTF1"	"rheumatoid arthritis"
0.288194715976715	"rs6679677"	"PHTF1"	"rheumatoid arthritis"
0.28654956817627	"rs62323881"	"IL2"	"rheumatoid arthritis"
0.285745143890381	"rs57912571"	"TAP1"	"ACPA-positive rheumatoid arthritis"
0.285236448049545	"rs2745106"	"TELO2"	"rheumatoid arthritis"
0.284576147794724	"rs2736337"	"FAM167A"	"rheumatoid arthritis"
0.284064710140228	"rs2736337"	"FAM167A"	"rheumatoid arthritis"
0.283713012933731	"rs2834512"	"KCNE1"	"rheumatoid arthritis"
0.283511608839035	"rs227163"	"UTS2"	"rheumatoid arthritis"
0.283187627792358	"rs10797431"	"PRXL2B"	"rheumatoid arthritis"
0.282354712486267	"rs773125"	"SUOX"	"rheumatoid arthritis"
0.282056152820587	"rs2736337"	"FAM167A"	"rheumatoid arthritis"
0.280677616596222	"rs773125"	"SUOX"	"rheumatoid arthritis"
0.280325263738632	"rs512244"	"NKX3-2"	"rheumatoid arthritis"
0.279554903507233	"rs773125"	"SUOX"	"rheumatoid arthritis"
0.27864670753479	"rs883220"	"FHL3"	"rheumatoid arthritis"
0.27864670753479	"rs12140275"	"FHL3"	"rheumatoid arthritis"
0.27864670753479	"rs12140275"	"FHL3"	"rheumatoid arthritis"
0.278226763010025	"rs7929541"	"IRF7"	"rheumatoid arthritis"
0.278053224086761	"rs773125"	"ERBB3"	"rheumatoid arthritis"
0.277738720178604	"rs16867384"	"UBE2E3"	"rheumatoid arthritis"
0.277443259954453	"rs6679677"	"PHTF1"	"rheumatoid arthritis"
0.276235967874527	"rs543276592"	"SLC17A3"	"rheumatoid arthritis"
0.276192724704742	"rs11066188"	"PTPN11"	"rheumatoid arthritis"
0.276187598705292	"rs773125"	"ERBB3"	"rheumatoid arthritis"
0.275468826293945	"rs757123"	"SIRT4"	"rheumatoid arthritis"
0.275397747755051	"rs11889341"	"STAT1"	"rheumatoid arthritis"
0.275312095880508	"rs793108"	"ZEB1"	"rheumatoid arthritis"
0.273850977420807	"rs773125"	"ERBB3"	"rheumatoid arthritis"
0.27382156252861	"rs883220"	"FHL3"	"rheumatoid arthritis"
0.27244958281517	"rs10912488"	"FASLG"	"rheumatoid arthritis"
0.269498467445374	"rs42034"	"FAM133B"	"rheumatoid arthritis"
0.269481331110001	"rs59716545"	"GSDMB"	"rheumatoid arthritis"
0.269358992576599	"rs660895"	"HLA-DRB5"	"rheumatoid arthritis"
0.26844310760498	"rs757123"	"PLA2G1B"	"rheumatoid arthritis"
0.268066644668579	"rs3093023"	"CEP43"	"rheumatoid arthritis"
0.2680584192276	"rs1043099"	"CASTOR1"	"rheumatoid arthritis"
0.267258435487747	"rs10484565"	"TAP2"	"rheumatoid arthritis"
0.267258435487747	"rs10484565"	"TAP2"	"ACPA-positive rheumatoid arthritis"
0.265979647636414	"rs10790268"	"DDX6"	"rheumatoid arthritis"
0.264316111803055	"rs10911902"	"PDC"	"rheumatoid arthritis"
0.263603061437607	"rs4409785"	"CEP57"	"rheumatoid arthritis"
0.263231039047241	"rs7170107"	"KIF23"	"rheumatoid arthritis"
0.262299537658691	"rs10985070"	"PHF19"	"rheumatoid arthritis"
0.261979311704636	"rs6679677"	"PHTF1"	"rheumatoid arthritis"
0.261581748723984	"rs10152590"	"KIF23"	"rheumatoid arthritis"
0.261099338531494	"rs8026898"	"KIF23"	"rheumatoid arthritis"
0.261099338531494	"rs8026898"	"KIF23"	"rheumatoid arthritis"
0.261099338531494	"rs8026898"	"KIF23"	"rheumatoid arthritis"
0.261099338531494	"rs8026898"	"KIF23"	"rheumatoid arthritis"
0.261099338531494	"rs8026898"	"KIF23"	"rheumatoid arthritis"
0.261099338531494	"rs8026898"	"KIF23"	"rheumatoid arthritis"
0.261099338531494	"rs8026898"	"KIF23"	"rheumatoid arthritis"
0.257763087749481	"rs112586220"	"H2BC15"	"rheumatoid arthritis"
0.254299700260162	"rs2283790"	"UBE2L3"	"rheumatoid arthritis"
0.253779113292694	"rs73013527"	"FLI1"	"rheumatoid arthritis"
0.253070503473282	"rs10275421"	"COL26A1"	"rheumatoid arthritis"
0.249318078160286	"rs4711363"	"MLN"	"rheumatoid arthritis"
0.248820006847382	"rs11217037"	"DDX6"	"rheumatoid arthritis"
0.247454658150673	"rs805297"	"LY6G5B"	"rheumatoid arthritis"
0.246936276555061	"rs6679677"	"PHTF1"	"rheumatoid arthritis"
0.246107056736946	"rs28362859"	"TMEM151B"	"rheumatoid arthritis"
0.245429113507271	"rs2843401"	"PRXL2B"	"rheumatoid arthritis"
0.244256541132927	"rs9784858"	"TAP2"	"rheumatoid arthritis"
0.244256541132927	"rs9784858"	"TAP2"	"ACPA-positive rheumatoid arthritis"
0.243988260626793	"rs1217393"	"DCLRE1B"	"rheumatoid arthritis"
0.243297562003136	"rs57912571"	"PSMB8"	"ACPA-positive rheumatoid arthritis"
0.242056488990784	"rs11089637"	"UBE2L3"	"rheumatoid arthritis"
0.241660878062248	"rs11089637"	"UBE2L3"	"rheumatoid arthritis"
0.241433590650558	"rs6679677"	"PHTF1"	"ACPA-positive rheumatoid arthritis"
0.239997401833534	"rs73013527"	"FLI1"	"rheumatoid arthritis"
0.239651009440422	"rs9268557"	"HLA-DRA"	"rheumatoid arthritis"
0.239651009440422	"rs9268557"	"HLA-DRA"	"ACPA-positive rheumatoid arthritis"
0.237314492464066	"rs773125"	"RAB5B"	"rheumatoid arthritis"
0.237309291958809	"rs1182531"	"FAM217B"	"rheumatoid arthritis"
0.235066667199135	"rs6715284"	"CASP8"	"rheumatoid arthritis"
0.235066667199135	"rs6715284"	"CASP8"	"rheumatoid arthritis"
0.234537050127983	"rs57912571"	"TAP2"	"ACPA-positive rheumatoid arthritis"
0.233719915151596	"rs5754100"	"UBE2L3"	"rheumatoid arthritis"
0.233560591936111	"rs2233424"	"TCTE1"	"rheumatoid arthritis"
0.231640070676804	"rs1538981"	"ZEB1"	"rheumatoid arthritis"
0.22933866083622	"rs10484565"	"HLA-DOB"	"rheumatoid arthritis"
0.229188174009323	"rs3104413"	"HLA-DRB5"	"rheumatoid arthritis"
0.229188174009323	"rs3104413"	"HLA-DRB5"	"ACPA-positive rheumatoid arthritis"
0.228924229741096	"rs773125"	"RAB5B"	"rheumatoid arthritis"
0.22853596508503	"rs10892279"	"DDX6"	"rheumatoid arthritis"
0.228369414806366	"rs76246107"	"SCAF1"	"rheumatoid arthritis"
0.228320091962814	"rs10484565"	"HLA-DOB"	"ACPA-positive rheumatoid arthritis"
0.226931199431419	"rs773125"	"RAB5B"	"rheumatoid arthritis"
0.225546583533287	"rs35156883"	"RIBC2"	"rheumatoid arthritis"
0.225498080253601	"rs6931277"	"HLA-DRB5"	"rheumatoid arthritis"
0.225498080253601	"rs6931277"	"HLA-DRB5"	"ACPA-positive rheumatoid arthritis"
0.224888637661934	"rs4760609"	"COL2A1"	"rheumatoid arthritis"
0.223768442869186	"rs3792109"	"SAG"	"rheumatoid arthritis"
0.223734498023987	"rs151314883"	"RPL3"	"rheumatoid arthritis"
0.223441526293755	"rs10484565"	"HLA-DOB"	"rheumatoid arthritis"
0.223089456558228	"rs4780401"	"SNN"	"rheumatoid arthritis"
0.223029002547264	"rs57912571"	"HLA-DOB"	"ACPA-positive rheumatoid arthritis"
0.222907871007919	"rs2233424"	"TMEM151B"	"rheumatoid arthritis"
0.222779095172882	"rs55838263"	"KIF21B"	"rheumatoid arthritis"
0.222141101956367	"rs28411352"	"MANEAL"	"rheumatoid arthritis"
0.220854669809341	"rs28411352"	"MANEAL"	"rheumatoid arthritis"
0.220525398850441	"rs79145843"	"PDE2A"	"rheumatoid arthritis"
0.22042852640152	"rs28411352"	"MANEAL"	"rheumatoid arthritis"
0.220131009817123	"rs3093017"	"RNASET2"	"rheumatoid arthritis"
0.219909265637398	"rs28411352"	"MANEAL"	"rheumatoid arthritis"
0.219682320952415	"rs10911902"	"PRG4"	"rheumatoid arthritis"
0.219304278492928	"rs28411352"	"MANEAL"	"rheumatoid arthritis"
0.218801230192184	"rs2812378"	"FAM205A"	"rheumatoid arthritis"
0.21784733235836	"rs4409785"	"SESN3"	"rheumatoid arthritis"
0.217270880937576	"rs2240336"	"PADI6"	"rheumatoid arthritis"
0.215392783284187	"rs141387673"	"ATP5PO"	"rheumatoid arthritis"
0.215367212891579	"rs1182531"	"PPP1R3D"	"rheumatoid arthritis"
0.213972225785255	"rs2233424"	"TMEM151B"	"rheumatoid arthritis"
0.213294729590416	"rs770667"	"BOLL"	"rheumatoid arthritis"
0.213267743587494	"rs2233424"	"TMEM151B"	"rheumatoid arthritis"
0.212661847472191	"rs2843401"	"PRXL2B"	"rheumatoid arthritis"
0.211984038352966	"rs67676925"	"CCR2"	"rheumatoid arthritis"
0.210358306765556	"rs11868709"	"BIRC5"	"rheumatoid arthritis"
0.20834718644619	"rs4918037"	"NEURL1"	"rheumatoid arthritis"
0.207740217447281	"rs10737481"	"OTUD3"	"rheumatoid arthritis"
0.207738116383553	"rs34030880"	"CCR2"	"rheumatoid arthritis"
0.207193821668625	"rs7170107"	"TLE3"	"rheumatoid arthritis"
0.205720856785774	"rs1571878"	"CEP43"	"rheumatoid arthritis"
0.205661952495575	"rs802791"	"PRDM1"	"rheumatoid arthritis"
0.204913422465324	"rs1432296"	"PEX13"	"rheumatoid arthritis"
0.202954068779945	"rs1877030"	"FBXL20"	"rheumatoid arthritis"
0.20245461165905	"rs6664969"	"PRXL2B"	"rheumatoid arthritis"
0.201700642704964	"rs1877030"	"FBXL20"	"rheumatoid arthritis"
0.201594024896622	"rs57912571"	"TAP1"	"rheumatoid arthritis"
0.201202750205994	"rs2233424"	"TMEM151B"	"rheumatoid arthritis"
0.201193913817406	"rs2233424"	"TMEM151B"	"rheumatoid arthritis"
0.199328780174255	"rs2072438"	"PHF19"	"rheumatoid arthritis"
0.198933318257332	"rs2493291"	"ARHGEF16"	"rheumatoid arthritis"
0.197579443454742	"rs10152590"	"TLE3"	"rheumatoid arthritis"
0.196819707751274	"rs512244"	"BOD1L1"	"rheumatoid arthritis"
0.195809781551361	"rs4780401"	"SNN"	"rheumatoid arthritis"
0.195291519165039	"rs4272"	"FAM133B"	"rheumatoid arthritis"
0.192395359277725	"rs57912571"	"TAP1"	"ACPA-positive rheumatoid arthritis"
0.190247043967247	"rs9860428"	"CD200R1L"	"rheumatoid arthritis"
0.189319089055061	"rs4760609"	"PFKM"	"rheumatoid arthritis"
0.188668608665466	"rs112846137"	"SMC4"	"rheumatoid arthritis"
0.188652142882347	"rs1943199"	"TSHZ1"	"rheumatoid arthritis"
0.187411785125732	"rs660895"	"HLA-DQA2"	"rheumatoid arthritis"
0.187300443649292	"rs17604670"	"TIFA"	"rheumatoid arthritis"
0.186855912208557	"rs8026898"	"TLE3"	"rheumatoid arthritis"
0.186855912208557	"rs8026898"	"TLE3"	"rheumatoid arthritis"
0.186855912208557	"rs8026898"	"TLE3"	"rheumatoid arthritis"
0.186855912208557	"rs8026898"	"TLE3"	"rheumatoid arthritis"
0.186100050806999	"rs4272"	"FAM133B"	"rheumatoid arthritis"
0.186012834310532	"rs4266763"	"SNAPC4"	"rheumatoid arthritis"
0.18513959646225	"rs8026898"	"TLE3"	"rheumatoid arthritis"
0.185125738382339	"rs8026898"	"TLE3"	"rheumatoid arthritis"
0.182848855853081	"rs10911902"	"ODR4"	"rheumatoid arthritis"
0.182556360960007	"rs2476601"	"RSBN1"	"ACPA-positive rheumatoid arthritis"
0.182556360960007	"rs2476601"	"RSBN1"	"ACPA-positive rheumatoid arthritis"
0.181959196925163	"rs2476601"	"RSBN1"	"rheumatoid arthritis"
0.181666597723961	"rs73081554"	"RPP14"	"rheumatoid arthritis"
0.181111827492714	"rs2476601"	"RSBN1"	"rheumatoid arthritis"
0.181111827492714	"rs2476601"	"RSBN1"	"rheumatoid arthritis"
0.181111827492714	"rs2476601"	"RSBN1"	"rheumatoid arthritis"
0.180321708321571	"rs73013527"	"FLI1"	"rheumatoid arthritis"
0.180317714810371	"rs2596565"	"TCF19"	"rheumatoid arthritis"
0.180088236927986	"rs62323881"	"ADAD1"	"rheumatoid arthritis"
0.180062681436539	"rs74376220"	"HBS1L"	"rheumatoid arthritis"
0.179939106106758	"rs2240339"	"PADI6"	"rheumatoid arthritis"
0.179461121559143	"rs403214"	"PAM"	"rheumatoid arthritis"
0.179258286952972	"rs4760609"	"SENP1"	"rheumatoid arthritis"
0.177082449197769	"rs8026898"	"PAQR5"	"rheumatoid arthritis"
0.177010223269463	"rs7170107"	"PAQR5"	"rheumatoid arthritis"
0.176135569810867	"rs1043099"	"TBC1D10A"	"rheumatoid arthritis"
0.176045820116997	"rs8026898"	"PAQR5"	"rheumatoid arthritis"
0.176045820116997	"rs8026898"	"PAQR5"	"rheumatoid arthritis"
0.176045820116997	"rs8026898"	"PAQR5"	"rheumatoid arthritis"
0.176045820116997	"rs8026898"	"PAQR5"	"rheumatoid arthritis"
0.174880653619766	"rs138193887"	"ACAT1"	"rheumatoid arthritis"
0.174880653619766	"rs138193887"	"ACAT1"	"rheumatoid arthritis"
0.174807220697403	"rs8026898"	"PAQR5"	"rheumatoid arthritis"
0.172743052244186	"rs8026898"	"PAQR5"	"rheumatoid arthritis"
0.172124594449997	"rs805297"	"BAG6"	"rheumatoid arthritis"
0.17209392786026	"rs227163"	"PARK7"	"rheumatoid arthritis"
0.172004580497742	"rs72634030"	"NUP88"	"rheumatoid arthritis"
0.171908512711525	"rs57912571"	"PSMB8"	"rheumatoid arthritis"
0.171494647860527	"rs16947122"	"TESC"	"rheumatoid arthritis"
0.169457390904427	"rs660442"	"BAD"	"rheumatoid arthritis"
0.16928605735302	"rs1432296"	"PAPOLG"	"rheumatoid arthritis"
0.169021174311638	"rs13192471"	"HLA-DQB2"	"rheumatoid arthritis"
0.167972788214684	"rs28411352"	"MTF1"	"rheumatoid arthritis"
0.167702779173851	"rs403214"	"MACIR"	"rheumatoid arthritis"
0.167399242520332	"rs1043099"	"SF3A1"	"rheumatoid arthritis"
0.167304396629333	"rs28411352"	"MTF1"	"rheumatoid arthritis"
0.164102181792259	"rs2596565"	"SLC44A4"	"rheumatoid arthritis"
0.164094015955925	"rs2765974"	"USP6NL"	"rheumatoid arthritis"
0.16362401843071	"rs11785995"	"GSDMC"	"rheumatoid arthritis"
0.163575410842896	"rs73081554"	"RPP14"	"rheumatoid arthritis"
0.16275817155838	"rs770667"	"MARS2"	"rheumatoid arthritis"
0.162501186132431	"rs2301888"	"PADI6"	"rheumatoid arthritis"
0.16237573325634	"rs2233424"	"AARS2"	"rheumatoid arthritis"
0.162032961845398	"rs2269060"	"PHF19"	"rheumatoid arthritis"
0.161682158708572	"rs73081554"	"DNASE1L3"	"rheumatoid arthritis"
0.161593720316887	"rs2301888"	"PADI6"	"rheumatoid arthritis"
0.161593720316887	"rs2301888"	"PADI6"	"rheumatoid arthritis"
0.161205232143402	"rs10760126"	"PHF19"	"rheumatoid arthritis"
0.161143839359283	"rs57912571"	"PSMB8"	"ACPA-positive rheumatoid arthritis"
0.160435765981674	"rs28411352"	"MTF1"	"rheumatoid arthritis"
0.159891471266747	"rs3761847"	"PHF19"	"rheumatoid arthritis"
0.159857079386711	"rs6752643"	"BOLL"	"rheumatoid arthritis"
0.159454524517059	"rs9785133"	"LZTS1"	"rheumatoid arthritis"
0.158946365118027	"rs34030880"	"CCR5"	"rheumatoid arthritis"
0.158620253205299	"rs151314883"	"PDGFB"	"rheumatoid arthritis"
0.158051535487175	"rs28411352"	"MTF1"	"rheumatoid arthritis"
0.157652139663696	"rs9268557"	"BTNL2"	"rheumatoid arthritis"
0.157652139663696	"rs9268557"	"BTNL2"	"ACPA-positive rheumatoid arthritis"
0.157629609107971	"rs403214"	"NUDT12"	"rheumatoid arthritis"
0.155884727835655	"rs3104413"	"HLA-DOA"	"rheumatoid arthritis"
0.155322209000587	"rs2317230"	"FCRL2"	"rheumatoid arthritis"
0.155296489596367	"rs28411352"	"MTF1"	"rheumatoid arthritis"
0.153872609138489	"rs10985070"	"PHF19"	"rheumatoid arthritis"
0.153571680188179	"rs805297"	"PRRC2A"	"rheumatoid arthritis"
0.153032138943672	"rs3783782"	"HIF1A"	"rheumatoid arthritis"
0.153032138943672	"rs3783782"	"HIF1A"	"rheumatoid arthritis"
0.152084052562714	"rs1003342"	"LIF"	"rheumatoid arthritis"
0.152046024799347	"rs4409785"	"SESN3"	"rheumatoid arthritis"
0.152046024799347	"rs4409785"	"SESN3"	"rheumatoid arthritis"
0.151812493801117	"rs28362859"	"AARS2"	"rheumatoid arthritis"
0.151756569743156	"rs10152590"	"PAQR5"	"rheumatoid arthritis"
0.151428446173668	"rs4409785"	"SESN3"	"rheumatoid arthritis"
0.151313558220863	"rs6018432"	"BLCAP"	"rheumatoid arthritis"
0.151136428117752	"rs12918327"	"CFAP119"	"rheumatoid arthritis"
0.150706604123116	"rs657075"	"CSF2"	"rheumatoid arthritis"
0.150220677256584	"rs57912571"	"PSMB9"	"ACPA-positive rheumatoid arthritis"
0.149369686841965	"rs12918327"	"ZNF689"	"rheumatoid arthritis"
0.149289608001709	"rs2582532"	"AHNAK2"	"rheumatoid arthritis"
0.149213090538979	"rs660895"	"HLA-DRB1"	"rheumatoid arthritis"
0.149144366383553	"rs17604670"	"ALPK1"	"rheumatoid arthritis"
0.148961454629898	"rs947474"	"RBM17"	"rheumatoid arthritis"
0.148429781198502	"rs35677470"	"PXK"	"rheumatoid arthritis"
0.148165807127953	"rs10985070"	"PHF19"	"rheumatoid arthritis"
0.148114070296288	"rs403214"	"PPIP5K2"	"rheumatoid arthritis"
0.147595286369324	"rs10985070"	"PHF19"	"rheumatoid arthritis"
0.1473169028759	"rs2812378"	"FAM205A"	"rheumatoid arthritis"
0.147245332598686	"rs9532434"	"LHFPL6"	"rheumatoid arthritis"
0.147182419896126	"rs113066392"	"GTF2IRD1"	"rheumatoid arthritis"
0.147154450416565	"rs2812378"	"FAM205A"	"rheumatoid arthritis"
0.145739555358887	"rs3104413"	"HLA-DQA2"	"rheumatoid arthritis"
0.145739555358887	"rs3104413"	"HLA-DQA2"	"ACPA-positive rheumatoid arthritis"
0.145536616444588	"rs3778754"	"KCP"	"ACPA-positive rheumatoid arthritis"
0.145471096038818	"rs12194148"	"HLA-DRB1"	"rheumatoid arthritis"
0.145462468266487	"rs67676925"	"CCR1"	"rheumatoid arthritis"
0.145361751317978	"rs113066392"	"GTF2IRD1"	"rheumatoid arthritis"
0.144628822803497	"rs35677470"	"PXK"	"rheumatoid arthritis"
0.143925949931145	"rs3778754"	"KCP"	"rheumatoid arthritis"
0.143643707036972	"rs883220"	"UTP11"	"rheumatoid arthritis"
0.143643707036972	"rs883220"	"UTP11"	"rheumatoid arthritis"
0.143643707036972	"rs12140275"	"UTP11"	"rheumatoid arthritis"
0.143643707036972	"rs12140275"	"UTP11"	"rheumatoid arthritis"
0.142694622278214	"rs55838263"	"GPR25"	"rheumatoid arthritis"
0.142331048846245	"rs770667"	"RFTN2"	"rheumatoid arthritis"
0.14231438934803	"rs6456160"	"CEP43"	"ACPA-positive rheumatoid arthritis"
0.142254546284676	"rs6456160"	"CEP43"	"ACPA-positive rheumatoid arthritis"
0.141973808407784	"rs947474"	"RBM17"	"rheumatoid arthritis"
0.141853749752045	"rs6018432"	"NNAT"	"rheumatoid arthritis"
0.141547337174416	"rs12720356"	"ZGLP1"	"rheumatoid arthritis"
0.141537621617317	"rs7731626"	"IL6ST"	"rheumatoid arthritis"
0.141537621617317	"rs7731626"	"IL6ST"	"rheumatoid arthritis"
0.140734121203423	"rs12918327"	"PRR14"	"rheumatoid arthritis"
0.140334472060204	"rs8026898"	"TLE3"	"rheumatoid arthritis"
0.139887318015099	"rs73081554"	"HTD2"	"rheumatoid arthritis"
0.139810338616371	"rs6664969"	"TTC34"	"rheumatoid arthritis"
0.139505833387375	"rs3104413"	"HLA-DQA2"	"rheumatoid arthritis"
0.139354422688484	"rs3778754"	"KCP"	"ACPA-positive rheumatoid arthritis"
0.137923941016197	"rs7731626"	"IL6ST"	"rheumatoid arthritis"
0.137923941016197	"rs7731626"	"IL6ST"	"rheumatoid arthritis"
0.137923941016197	"rs7731626"	"IL6ST"	"rheumatoid arthritis"
0.13774773478508	"rs73081554"	"HTD2"	"rheumatoid arthritis"
0.137734279036522	"rs2843401"	"TTC34"	"rheumatoid arthritis"
0.136742770671844	"rs4305317"	"EML4"	"rheumatoid arthritis"
0.136202096939087	"rs7929541"	"SCT"	"rheumatoid arthritis"
0.13613449037075	"rs7731626"	"IL6ST"	"rheumatoid arthritis"
0.13613449037075	"rs7731626"	"IL6ST"	"rheumatoid arthritis"
0.13613449037075	"rs7731626"	"IL6ST"	"rheumatoid arthritis"
0.13613449037075	"rs7731626"	"IL6ST"	"rheumatoid arthritis"
0.13613449037075	"rs7731626"	"IL6ST"	"rheumatoid arthritis"
0.135640040040016	"rs3757387"	"KCP"	"rheumatoid arthritis"
0.134905025362968	"rs4264325"	"C14orf180"	"rheumatoid arthritis"
0.134668663144112	"rs3812565"	"INPP5E"	"rheumatoid arthritis"
0.134047821164131	"rs212389"	"RSPH3"	"rheumatoid arthritis"
0.132650807499886	"rs73081554"	"HTD2"	"rheumatoid arthritis"
0.132628902792931	"rs2451258"	"RSPH3"	"rheumatoid arthritis"
0.132628902792931	"rs2451258"	"RSPH3"	"rheumatoid arthritis"
0.132628902792931	"rs2451258"	"RSPH3"	"rheumatoid arthritis"
0.132628902792931	"rs2451258"	"RSPH3"	"rheumatoid arthritis"
0.132248759269714	"rs10797431"	"TTC34"	"rheumatoid arthritis"
0.132060393691063	"rs5754104"	"CCDC116"	"rheumatoid arthritis"
0.131929486989975	"rs2900180"	"PHF19"	"rheumatoid arthritis"
0.131924152374268	"rs212389"	"RSPH3"	"rheumatoid arthritis"
0.131905749440193	"rs73081554"	"RPP14"	"rheumatoid arthritis"
0.131744891405106	"rs2812378"	"FAM205A"	"rheumatoid arthritis"
0.130934059619904	"rs881375"	"PHF19"	"rheumatoid arthritis"
0.130589380860329	"rs9603616"	"LHFPL6"	"rheumatoid arthritis"
0.130589380860329	"rs9603616"	"LHFPL6"	"rheumatoid arthritis"
0.130211517214775	"rs3761959"	"FCRL2"	"rheumatoid arthritis"
0.130191877484322	"rs10499194"	"ARFGEF3"	"rheumatoid arthritis"
0.129792019724846	"rs2451258"	"FNDC1"	"rheumatoid arthritis"
0.129603281617165	"rs947474"	"RBM17"	"rheumatoid arthritis"
0.129170060157776	NA	"LRRN3"	"rheumatoid arthritis"
0.128887310624123	"rs660442"	"GPR137"	"rheumatoid arthritis"
0.128521099686623	"rs947474"	"RBM17"	"rheumatoid arthritis"
0.128413900732994	"rs1355208"	"YPEL5"	"rheumatoid arthritis"
0.128223076462746	"rs9275406"	"HLA-DQA2"	"rheumatoid arthritis"
0.12751530110836	"rs1830035"	"ZNF736"	"rheumatoid arthritis"
0.12687224149704	"rs12026490"	"VANGL2"	"rheumatoid arthritis"
0.12671272456646	"rs112014382"	"ZNF322"	"rheumatoid arthritis"
0.126289948821068	"rs116647495"	"UQCC2"	"rheumatoid arthritis"
0.126195773482323	"rs3807306"	"KCP"	"rheumatoid arthritis"
0.126014173030853	"rs805297"	"APOM"	"rheumatoid arthritis"
0.125236839056015	"rs3890745"	"PRXL2B"	"rheumatoid arthritis"
0.125026285648346	"rs9268839"	"HLA-DRB1"	"rheumatoid arthritis"
0.124726243317127	"rs947474"	"RBM17"	"rheumatoid arthritis"
0.124713867902756	"rs3731714"	"FAM126B"	"rheumatoid arthritis"
0.124632254242897	"rs7137828"	"ALDH2"	"rheumatoid arthritis"
0.124279916286469	"rs947474"	"RBM17"	"rheumatoid arthritis"
0.124241292476654	"rs11574914"	"FAM205A"	"rheumatoid arthritis"
0.12326005846262	"rs2872507"	"ORMDL3"	"rheumatoid arthritis"
0.12322311848402	"rs7137828"	"ALDH2"	"rheumatoid arthritis"
0.122850507497787	"rs59716545"	"ORMDL3"	"rheumatoid arthritis"
0.122492834925652	"rs194757"	"RAD51B"	"rheumatoid arthritis"
0.121471725404263	"rs28411352"	"YRDC"	"rheumatoid arthritis"
0.121326737105846	"rs9927316"	"COX4I1"	"rheumatoid arthritis"
0.121033899486065	"rs7206670"	"SNN"	"rheumatoid arthritis"
0.120399571955204	"rs403214"	"GIN1"	"rheumatoid arthritis"
0.120252385735512	"rs3781913"	"ARAP1"	"rheumatoid arthritis"
0.120166413486004	"rs28411352"	"YRDC"	"rheumatoid arthritis"
0.119901195168495	"rs7929541"	"DRD4"	"rheumatoid arthritis"
0.119883894920349	"rs802791"	"ATG5"	"rheumatoid arthritis"
0.119455993175507	"rs57912571"	"TAP2"	"rheumatoid arthritis"
0.119316287338734	"rs28411352"	"YRDC"	"rheumatoid arthritis"
0.11930575221777	"rs4073285"	"TTC34"	"rheumatoid arthritis"
0.118826851248741	"rs10040327"	"IL6ST"	"rheumatoid arthritis"
0.118746608495712	"rs8087252"	"ZBTB7C"	"rheumatoid arthritis"
0.118212543427944	"rs73194058"	"TMEM50B"	"rheumatoid arthritis"
0.118086963891983	"rs28411352"	"YRDC"	"rheumatoid arthritis"
0.11798307299614	"rs74956615"	"RAVER1"	"rheumatoid arthritis"
0.117759808897972	"rs28411352"	"YRDC"	"rheumatoid arthritis"
0.117043621838093	"rs2812378"	"FAM205A"	"rheumatoid arthritis"
0.116764135658741	"rs2843401"	"TTC34"	"rheumatoid arthritis"
0.116216227412224	"rs9468356"	"ZKSCAN3"	"rheumatoid arthritis"
0.116154819726944	"rs660895"	"HLA-DOA"	"rheumatoid arthritis"
0.116135902702808	"rs12617656"	"SLC4A10"	"rheumatoid arthritis"
0.115520715713501	"rs3890745"	"TTC34"	"rheumatoid arthritis"
0.115240290760994	"rs2451258"	"FNDC1"	"rheumatoid arthritis"
0.115030124783516	"rs11574914"	"FAM205A"	"rheumatoid arthritis"
0.114489786326885	"rs1893592"	"TMPRSS3"	"rheumatoid arthritis"
0.114282675087452	"rs4073285"	"PRXL2B"	"rheumatoid arthritis"
0.113988287746906	"rs2233424"	"AARS2"	"rheumatoid arthritis"
0.113588452339172	"rs2233424"	"TMEM151B"	"rheumatoid arthritis"
0.113453797996044	"rs112014382"	"BTN3A3"	"rheumatoid arthritis"
0.113183028995991	"rs1182531"	"CDH26"	"rheumatoid arthritis"
0.112631611526012	"rs3778753"	"KCP"	"rheumatoid arthritis"
0.111670389771461	"rs147018773"	"ZNF300"	"rheumatoid arthritis"
0.111100494861603	"rs10435844"	"PHF19"	"rheumatoid arthritis"
0.110967248678207	"rs3778753"	"KCP"	"rheumatoid arthritis"
0.110804513096809	"rs3778753"	"KCP"	"rheumatoid arthritis"
0.110749416053295	"rs35156883"	"UPK3A"	"rheumatoid arthritis"
0.110398918390274	"rs80202727"	"AARS2"	"rheumatoid arthritis"
0.110364928841591	"rs1571878"	"CEP43"	"rheumatoid arthritis"
0.110307589173317	"rs11574914"	"FAM205A"	"rheumatoid arthritis"
0.110307589173317	"rs11574914"	"FAM205A"	"rheumatoid arthritis"
0.11023586243391	"rs9468356"	"PGBD1"	"rheumatoid arthritis"
0.110082015395164	"rs2317230"	"FCRL1"	"rheumatoid arthritis"
0.109846107661724	"rs4409785"	"FAM76B"	"rheumatoid arthritis"
0.109828948974609	"rs9603618"	"LHFPL6"	"rheumatoid arthritis"
0.109640121459961	"rs2596565"	"NCR3"	"rheumatoid arthritis"
0.109382763504982	"rs28362859"	"TMEM151B"	"rheumatoid arthritis"
0.108709558844566	"rs1571878"	"CEP43"	"rheumatoid arthritis"
0.108709558844566	"rs1571878"	"CEP43"	"rheumatoid arthritis"
0.108633801341057	"rs3761847"	"PSMD5"	"rheumatoid arthritis"
0.108631432056427	"rs12936409"	"ORMDL3"	"rheumatoid arthritis"
0.108557440340519	"rs3778753"	"KCP"	"rheumatoid arthritis"
0.108517147600651	"rs2233434"	"TMEM151B"	"rheumatoid arthritis"
0.108224019408226	"rs13101828"	"SLC26A1"	"rheumatoid arthritis"
0.10798953473568	"rs34030880"	"CCR3"	"rheumatoid arthritis"
0.107977978885174	"rs4409785"	"FAM76B"	"rheumatoid arthritis"
0.107874624431133	"rs194757"	"ZFP36L1"	"rheumatoid arthritis"
0.107817113399506	"rs883220"	"SF3A3"	"rheumatoid arthritis"
0.107817113399506	"rs883220"	"SF3A3"	"rheumatoid arthritis"
0.107817113399506	"rs12140275"	"SF3A3"	"rheumatoid arthritis"
0.107817113399506	"rs12140275"	"SF3A3"	"rheumatoid arthritis"
0.107710927724838	"rs881375"	"C5"	"rheumatoid arthritis"
0.107652902603149	"rs660895"	"HLA-DRB5"	"rheumatoid arthritis"
0.107567980885506	"rs2269060"	"PSMD5"	"rheumatoid arthritis"
0.107347249984741	"rs112014382"	"BTN3A1"	"rheumatoid arthritis"
0.107134781777859	"rs9603612"	"LHFPL6"	"rheumatoid arthritis"
0.107065722346306	"rs10790268"	"CXCR5"	"rheumatoid arthritis"
0.106649428606033	"rs660895"	"HLA-DRB5"	"rheumatoid arthritis"
0.106443822383881	"rs2900180"	"C5"	"rheumatoid arthritis"
0.106335818767548	"rs4409785"	"FAM76B"	"rheumatoid arthritis"
0.105965115129948	"rs11085725"	"ICAM3"	"rheumatoid arthritis"
0.105947114527225	"rs3761847"	"C5"	"rheumatoid arthritis"
0.105887845158577	"rs11574914"	"FAM205A"	"rheumatoid arthritis"
0.105158902704716	"rs761426"	"SDHB"	"rheumatoid arthritis"
0.104651711881161	"rs1858037"	"ACTR2"	"rheumatoid arthritis"
0.1045106574893	"rs3093017"	"CEP43"	"rheumatoid arthritis"
0.10378585755825	"rs10790268"	"CXCR5"	"rheumatoid arthritis"
0.103255935013294	"rs59716545"	"ORMDL3"	"rheumatoid arthritis"
0.102952890098095	"rs1043099"	"CCDC157"	"rheumatoid arthritis"
0.102940738201141	"rs2301888"	"PADI6"	"rheumatoid arthritis"
0.102940738201141	"rs2301888"	"PADI6"	"rheumatoid arthritis"
0.102940738201141	"rs2301888"	"PADI6"	"rheumatoid arthritis"
0.102894112467766	"rs10985070"	"PSMD5"	"rheumatoid arthritis"
0.102883502840996	"rs2240339"	"PADI6"	"rheumatoid arthritis"
0.102805651724339	"rs10985070"	"C5"	"rheumatoid arthritis"
0.102710165083408	"rs2233434"	"TMEM151B"	"rheumatoid arthritis"
0.102637127041817	"rs59716545"	"ORMDL3"	"rheumatoid arthritis"
0.102508567273617	"rs57912571"	"TAP2"	"ACPA-positive rheumatoid arthritis"
0.102431401610374	"rs1571878"	"TCP10L2"	"rheumatoid arthritis"
0.102418072521687	"rs59716545"	"ORMDL3"	"rheumatoid arthritis"
0.102408871054649	"rs10985070"	"C5"	"rheumatoid arthritis"
0.102396227419376	"rs2301888"	"PADI6"	"rheumatoid arthritis"
0.102318853139877	"rs2301888"	"PADI6"	"rheumatoid arthritis"
0.102311514317989	"rs1893592"	"TMPRSS3"	"rheumatoid arthritis"
0.101892665028572	"rs11066188"	"ACAD10"	"rheumatoid arthritis"
0.101643398404121	"rs2233424"	"TMEM151B"	"rheumatoid arthritis"
0.101600542664528	"rs10737481"	"TMCO4"	"rheumatoid arthritis"
0.101424060761929	"rs2233424"	"AARS2"	"rheumatoid arthritis"
0.100988894701004	"rs10985070"	"PSMD5"	"rheumatoid arthritis"
0.100676089525223	"rs10985070"	"PSMD5"	"rheumatoid arthritis"
0.100605443120003	"rs212389"	"RSPH3"	"rheumatoid arthritis"
0.10024993121624	"rs10760126"	"C5"	"rheumatoid arthritis"
0.100016303360462	"rs2233424"	"AARS2"	"rheumatoid arthritis"
0.0996559411287308	"rs9603616"	"LHFPL6"	"rheumatoid arthritis"
0.0996559411287308	"rs9603616"	"LHFPL6"	"rheumatoid arthritis"
0.0994477495551109	"rs1893592"	"TMPRSS3"	"rheumatoid arthritis"
0.0993922874331474	"rs10790268"	"CXCR5"	"rheumatoid arthritis"
0.0991859957575798	"rs62422878"	"CRYBG1"	"rheumatoid arthritis"
0.0990976318717003	"rs1571878"	"CEP43"	"rheumatoid arthritis"
0.0986699759960175	"rs17264332"	"ARFGEF3"	"rheumatoid arthritis"
0.0986699759960175	"rs17264332"	"ARFGEF3"	"rheumatoid arthritis"
0.0982950553297997	"rs2072438"	"C5"	"rheumatoid arthritis"
0.0982908308506012	"rs2451258"	"FNDC1"	"rheumatoid arthritis"
0.0981596857309341	"rs116647495"	"MLN"	"rheumatoid arthritis"
0.0980707779526711	"rs10985070"	"C5"	"rheumatoid arthritis"
0.0979915410280228	"rs1858037"	"ACTR2"	"rheumatoid arthritis"
0.0978177562355995	"rs947474"	"IL15RA"	"rheumatoid arthritis"
0.0978072360157967	"rs13330176"	"COX4I1"	"rheumatoid arthritis"
0.0977905318140984	"rs227163"	"VAMP3"	"rheumatoid arthritis"
0.0977697372436523	"rs13330176"	"COX4I1"	"rheumatoid arthritis"
0.0977697372436523	"rs13330176"	"COX4I1"	"rheumatoid arthritis"
0.0977214723825455	"rs10985070"	"PSMD5"	"rheumatoid arthritis"
0.0976887047290802	"rs13330176"	"COX4I1"	"rheumatoid arthritis"
0.0976472124457359	"rs2918392"	"ANKRD33B"	"rheumatoid arthritis"
0.0973398089408875	"rs2275806"	"TAF3"	"rheumatoid arthritis"
0.0972564890980721	"rs947474"	"IL15RA"	"rheumatoid arthritis"
0.0971694141626358	"rs3781094"	"TAF3"	"rheumatoid arthritis"
0.0971254706382751	"rs13330176"	"COX4I1"	"rheumatoid arthritis"
0.096969299018383	"rs10774624"	"ALDH2"	"rheumatoid arthritis"
0.0969400927424431	"rs10790268"	"CXCR5"	"rheumatoid arthritis"
0.0968972146511078	"rs6920220"	"ARFGEF3"	"rheumatoid arthritis"
0.0968869552016258	"rs10985070"	"C5"	"rheumatoid arthritis"
0.0968293398618698	"rs947474"	"IL15RA"	"rheumatoid arthritis"
0.0966740399599075	"rs3824660"	"TAF3"	"rheumatoid arthritis"
0.0963288620114326	"rs1858037"	"ACTR2"	"rheumatoid arthritis"
0.096135750412941	"rs13330176"	"COX4I1"	"rheumatoid arthritis"
0.0961159095168114	"rs4409785"	"MTMR2"	"rheumatoid arthritis"
0.0960501655936241	"rs2422345"	"SLC9C2"	"rheumatoid arthritis"
0.0959909111261368	"rs2596565"	"MICB"	"rheumatoid arthritis"
0.0958011373877525	"rs2105325"	"SLC9C2"	"rheumatoid arthritis"
0.0958011373877525	"rs2105325"	"SLC9C2"	"rheumatoid arthritis"
0.0957937985658646	"rs947474"	"IL15RA"	"rheumatoid arthritis"
0.0957052260637283	"rs11126034"	"ACTR2"	"rheumatoid arthritis"
0.0955901443958282	"rs2451258"	"FNDC1"	"rheumatoid arthritis"
0.0955675393342972	"rs1424077902"	"YPEL4"	"ACPA-positive rheumatoid arthritis"
0.0955627411603928	"rs3104413"	"HLA-DQB2"	"rheumatoid arthritis"
0.0955561622977257	"rs2105325"	"SLC9C2"	"rheumatoid arthritis"
0.0955561622977257	"rs2105325"	"SLC9C2"	"rheumatoid arthritis"
0.0954617038369179	"rs947474"	"IL15RA"	"rheumatoid arthritis"
0.0952535271644592	"rs1893592"	"TFF1"	"rheumatoid arthritis"
0.0952385291457176	"rs947474"	"IL15RA"	"rheumatoid arthritis"
0.0952162444591522	"rs1858037"	"ACTR2"	"rheumatoid arthritis"
0.0952162444591522	"rs1858037"	"ACTR2"	"rheumatoid arthritis"
0.0949159860610962	"rs1424077902"	"YPEL4"	"ACPA-positive rheumatoid arthritis"
0.094904251396656	"rs11066301"	"TMEM116"	"rheumatoid arthritis"
0.0947770923376083	"rs660895"	"HLA-DMA"	"rheumatoid arthritis"
0.0945527702569962	"rs3093017"	"CEP43"	"rheumatoid arthritis"
0.0945340692996979	"rs1571878"	"CEP43"	"rheumatoid arthritis"
0.0938380360603333	"rs1893592"	"TMPRSS3"	"rheumatoid arthritis"
0.0936134457588196	"rs1858036"	"ACTR2"	"rheumatoid arthritis"
0.0935531184077263	"rs57912571"	"PSMB9"	"rheumatoid arthritis"
0.0934508666396141	"rs660442"	"VEGFB"	"rheumatoid arthritis"
0.0929643213748932	"rs805297"	"CSNK2B"	"rheumatoid arthritis"
0.0924752056598663	"rs502919"	"PFKFB3"	"rheumatoid arthritis"
0.0921321287751198	"rs2258734"	"MMEL1"	"rheumatoid arthritis"
0.0914722979068756	"rs5754467"	"CCDC116"	"rheumatoid arthritis"
0.0912243500351906	"rs4760609"	"ASB8"	"rheumatoid arthritis"
0.0910537466406822	"rs9468356"	"ZKSCAN4"	"rheumatoid arthritis"
0.0901506617665291	"rs11571302"	"ICOS"	"rheumatoid arthritis"
0.0895456299185753	"rs805297"	"SLC44A4"	"rheumatoid arthritis"
0.0893606171011925	NA	"IMMP2L"	"rheumatoid arthritis"
0.0889115631580353	"rs4711363"	"IP6K3"	"rheumatoid arthritis"
0.0887449160218239	"rs1893592"	"TMPRSS3"	"rheumatoid arthritis"
0.0884994864463806	"rs78608178"	"ZSCAN23"	"rheumatoid arthritis"
0.0883109420537949	"rs1877030"	"MED1"	"rheumatoid arthritis"
0.0882558822631836	"rs2233424"	"AARS2"	"rheumatoid arthritis"
0.0882504880428314	"rs1877030"	"MED1"	"rheumatoid arthritis"
0.0881503522396088	"rs61828284"	"SLC9C2"	"rheumatoid arthritis"
0.0873903036117554	"rs78608178"	"ZSCAN12"	"rheumatoid arthritis"
0.0872444957494736	"rs2269060"	"C5"	"rheumatoid arthritis"
0.0871783420443535	"rs57912571"	"PSMB9"	"ACPA-positive rheumatoid arthritis"
0.0870697274804115	"rs74956615"	"FDX2"	"rheumatoid arthritis"
0.0864631831645966	"rs660895"	"HLA-DQB2"	"rheumatoid arthritis"
0.0861096307635307	"rs805297"	"GPANK1"	"rheumatoid arthritis"
0.0860511809587479	"rs212389"	"RSPH3"	"rheumatoid arthritis"
0.0860183387994766	"rs13330176"	"EMC8"	"rheumatoid arthritis"
0.0857115015387535	"rs9373203"	"ARFGEF3"	"rheumatoid arthritis"
0.0856015384197235	"rs11089637"	"CCDC116"	"rheumatoid arthritis"
0.0853191018104553	"rs805297"	"LY6G5C"	"rheumatoid arthritis"
0.0852904915809631	"rs1547233"	"ATP5PF"	"rheumatoid arthritis"
0.0849949270486832	"rs57912571"	"HLA-DMB"	"ACPA-positive rheumatoid arthritis"
0.0849482864141464	"rs805297"	"MPIG6B"	"rheumatoid arthritis"
0.0844989120960236	"rs8126756"	"TMEM50B"	"rheumatoid arthritis"
0.0844737961888313	"rs805297"	"LY6G6C"	"rheumatoid arthritis"
0.0844006910920143	"rs1217403"	"BCL2L15"	"rheumatoid arthritis"
0.084344245493412	"rs2233434"	"AARS2"	"rheumatoid arthritis"
0.0842769667506218	"rs11066301"	"NAA25"	"rheumatoid arthritis"
0.0840659588575363	"rs3134883"	"RBM17"	"rheumatoid arthritis"
0.083951823413372	"rs3783782"	"TMEM30B"	"rheumatoid arthritis"
0.083951823413372	"rs3783782"	"TMEM30B"	"rheumatoid arthritis"
0.0837842971086502	"rs805297"	"LY6G6F"	"rheumatoid arthritis"
0.0837643519043922	"rs2664035"	"TXK"	"rheumatoid arthritis"
0.0835963785648346	"rs13330176"	"EMC8"	"rheumatoid arthritis"
0.0835963785648346	"rs13330176"	"EMC8"	"rheumatoid arthritis"
0.0835963785648346	"rs13330176"	"EMC8"	"rheumatoid arthritis"
0.0833731517195702	"rs3087243"	"ICOS"	"rheumatoid arthritis"
0.0831363573670387	"rs227163"	"PER3"	"rheumatoid arthritis"
0.0831022337079048	"rs13330176"	"EMC8"	"rheumatoid arthritis"
0.0830751657485962	"rs3134883"	"PFKFB3"	"rheumatoid arthritis"
0.0830339342355728	"rs13330176"	"EMC8"	"rheumatoid arthritis"
0.0829589515924454	"rs9927316"	"EMC8"	"rheumatoid arthritis"
0.0823607221245766	"rs6732565"	"BUB1"	"rheumatoid arthritis"
0.0823607221245766	"rs6732565"	"BUB1"	"rheumatoid arthritis"
0.0819537043571472	"rs657075"	"IL3"	"rheumatoid arthritis"
0.0819206833839417	"rs76246107"	"NOSIP"	"rheumatoid arthritis"
0.0819010362029076	"rs9372120"	"CRYBG1"	"rheumatoid arthritis"
0.0818821415305138	"rs8026898"	"GLCE"	"rheumatoid arthritis"
0.0818607062101364	"rs11089637"	"CCDC116"	"rheumatoid arthritis"
0.0817827507853508	"rs2765974"	"ECHDC3"	"rheumatoid arthritis"
0.0815755575895309	"rs4958880"	"GPX3"	"rheumatoid arthritis"
0.0813824459910393	"rs112846137"	"KPNA4"	"rheumatoid arthritis"
0.0806118547916412	"rs1547233"	"GABPA"	"rheumatoid arthritis"
0.0804853886365891	"rs805297"	"C6orf47"	"rheumatoid arthritis"
0.0803644433617592	"rs2233424"	"AARS2"	"rheumatoid arthritis"
0.0802840813994408	"rs9372120"	"CRYBG1"	"rheumatoid arthritis"
0.0802168026566505	"rs805297"	"LY6G6F-LY6G6D"	"rheumatoid arthritis"
0.0799227356910706	"rs11217040"	"CXCR5"	"rheumatoid arthritis"
0.0797854959964752	"rs3824660"	"TAF3"	"rheumatoid arthritis"
0.0797854959964752	"rs3824660"	"TAF3"	"rheumatoid arthritis"
0.0797854959964752	"rs3824660"	"TAF3"	"rheumatoid arthritis"
0.0797854959964752	"rs3802604"	"TAF3"	"rheumatoid arthritis"
0.0797565504908562	"rs1043099"	"RNF215"	"rheumatoid arthritis"
0.0797038376331329	"rs11066188"	"NAA25"	"rheumatoid arthritis"
0.079439140856266	"rs1893592"	"TFF1"	"rheumatoid arthritis"
0.079439140856266	"rs1893592"	"TFF1"	"rheumatoid arthritis"
0.0784574747085571	"rs2233434"	"AARS2"	"rheumatoid arthritis"
0.078327976167202	"rs2469434"	"DOK6"	"rheumatoid arthritis"
0.0781110003590584	"rs3087243"	"ICOS"	"rheumatoid arthritis"
0.0779177993535995	"rs2469434"	"DOK6"	"rheumatoid arthritis"
0.0778283625841141	"rs2596565"	"CDSN"	"rheumatoid arthritis"
0.0776262581348419	"rs660895"	"HLA-DQB2"	"rheumatoid arthritis"
0.0776219069957733	"rs3792109"	"INPP5D"	"rheumatoid arthritis"
0.0773318931460381	"rs1950897"	"ZFP36L1"	"rheumatoid arthritis"
0.0773318931460381	"rs1950897"	"ZFP36L1"	"rheumatoid arthritis"
0.0770848840475082	"rs10152590"	"GLCE"	"rheumatoid arthritis"
0.0770391523838043	"rs5757628"	"RPL3"	"rheumatoid arthritis"
0.0769501328468323	"rs16867384"	"CERKL"	"rheumatoid arthritis"
0.0768636763095856	"rs10737481"	"PLA2G2E"	"rheumatoid arthritis"
0.0765931978821754	"rs3129890"	"PSMB8"	"rheumatoid arthritis"
0.0765931978821754	"rs3129890"	"PSMB8"	"ACPA-positive rheumatoid arthritis"
0.076589897274971	"rs10435844"	"C5"	"rheumatoid arthritis"
0.0763740539550781	"rs3812565"	"ENTR1"	"rheumatoid arthritis"
0.0762554854154587	"rs7137828"	"BRAP"	"rheumatoid arthritis"
0.0761706009507179	"rs12061333"	"LRIG2"	"rheumatoid arthritis"
0.0761665552854538	"rs116647495"	"MLN"	"rheumatoid arthritis"
0.0761117041110992	"rs112846137"	"TRIM59"	"rheumatoid arthritis"
0.0754512101411819	"rs4409785"	"CEP57"	"rheumatoid arthritis"
0.0749086737632751	"rs2228145"	"SHE"	"rheumatoid arthritis"
0.074798695743084	"rs10774624"	"MYL2"	"rheumatoid arthritis"
0.0743555128574371	"rs4409785"	"CEP57"	"rheumatoid arthritis"
0.0741894096136093	"rs12720356"	"ICAM5"	"rheumatoid arthritis"
0.0740511491894722	"rs4918037"	"CALHM3"	"rheumatoid arthritis"
0.0739366412162781	"rs57912571"	"HLA-DMB"	"rheumatoid arthritis"
0.0739305093884468	"rs1858037"	"ACTR2"	"rheumatoid arthritis"
0.0739207193255424	"rs4409785"	"CEP57"	"rheumatoid arthritis"
0.0736330822110176	"rs55838263"	"CACNA1S"	"rheumatoid arthritis"
0.0734688937664032	"rs8083786"	"SEH1L"	"rheumatoid arthritis"
0.0733645632863045	"rs1893592"	"TFF1"	"rheumatoid arthritis"
0.0733484700322151	"rs2283790"	"CCDC116"	"rheumatoid arthritis"
0.0732954144477844	"rs8040585"	"CRTC3"	"rheumatoid arthritis"
0.0732142925262451	"rs8083786"	"SEH1L"	"rheumatoid arthritis"
0.0730678215622902	"rs660895"	"HLA-DMA"	"rheumatoid arthritis"
0.0730678215622902	"rs660895"	"HLA-DMA"	"rheumatoid arthritis"
0.0729671865701675	"rs8083786"	"SEH1L"	"rheumatoid arthritis"
0.0728147402405739	"rs8083786"	"SEH1L"	"rheumatoid arthritis"
0.0727090761065483	"rs2847297"	"CEP76"	"rheumatoid arthritis"
0.072649672627449	"rs10774624"	"BRAP"	"rheumatoid arthritis"
0.0726255625486374	"rs7137828"	"BRAP"	"rheumatoid arthritis"
0.0726049616932869	"rs13048533"	"BRWD1"	"rheumatoid arthritis"
0.0725378394126892	"rs3093017"	"TCP10L2"	"rheumatoid arthritis"
0.0725032612681389	"rs8083786"	"SEH1L"	"rheumatoid arthritis"
0.072424404323101	"rs3093017"	"TCP10L2"	"rheumatoid arthritis"
0.0720695778727531	"rs147018773"	"SMIM3"	"rheumatoid arthritis"
0.0720230638980865	NA	"IMMP2L"	"rheumatoid arthritis"
0.0717891529202461	"rs1883832"	"SLC12A5"	"rheumatoid arthritis"
0.0717250481247902	"rs968567"	"TMEM258"	"rheumatoid arthritis"
0.0715207904577255	"rs78608178"	"ZSCAN26"	"rheumatoid arthritis"
0.0713268369436264	"rs62323881"	"CCNA2"	"rheumatoid arthritis"
0.0711222589015961	"rs10774624"	"CCDC63"	"rheumatoid arthritis"
0.0711010619997978	"rs7170107"	"GLCE"	"rheumatoid arthritis"
0.0706179514527321	"rs8026898"	"GLCE"	"rheumatoid arthritis"
0.0704747587442398	"rs660442"	"ESRRA"	"rheumatoid arthritis"
0.0703992173075676	"rs660895"	"PSMB8"	"rheumatoid arthritis"
0.0702548399567604	"rs34536443"	"ICAM3"	"rheumatoid arthritis"
0.0702548399567604	"rs34536443"	"ICAM3"	"rheumatoid arthritis"
0.0701769664883614	"rs57912571"	"HLA-DMB"	"ACPA-positive rheumatoid arthritis"
0.0699944347143173	"rs11066188"	"TMEM116"	"rheumatoid arthritis"
0.0699449107050896	"rs1950897"	"ZFP36L1"	"rheumatoid arthritis"
0.0698121711611748	"rs5754100"	"CCDC116"	"rheumatoid arthritis"
0.0696899592876434	"rs28362859"	"AARS2"	"rheumatoid arthritis"
0.0695941969752312	"rs3093017"	"GPR31"	"rheumatoid arthritis"
0.0693915113806725	"rs1950897"	"ZFP36L1"	"rheumatoid arthritis"
0.0693421363830566	"rs4963581"	"BCAT1"	"rheumatoid arthritis"
0.0691785961389542	"rs1893592"	"TFF1"	"rheumatoid arthritis"
0.0688424110412598	"rs8126756"	"IL10RB"	"rheumatoid arthritis"
0.0686487182974815	"rs34536443"	"FDX2"	"rheumatoid arthritis"
0.0682892501354218	"rs2072438"	"PSMD5"	"rheumatoid arthritis"
0.0682794973254204	"rs9296015"	"GPSM3"	"rheumatoid arthritis"
0.0682731568813324	"rs8026898"	"GLCE"	"rheumatoid arthritis"
0.0682731568813324	"rs8026898"	"GLCE"	"rheumatoid arthritis"
0.0682731568813324	"rs8026898"	"GLCE"	"rheumatoid arthritis"
0.0682731568813324	"rs8026898"	"GLCE"	"rheumatoid arthritis"
0.0682731568813324	"rs8026898"	"GLCE"	"rheumatoid arthritis"
0.068039283156395	"rs7929541"	"PHRF1"	"rheumatoid arthritis"
0.0680186823010445	"rs2596565"	"DDX39B"	"rheumatoid arthritis"
0.0676545724272728	"rs1893592"	"TMPRSS3"	"rheumatoid arthritis"
0.0670835897326469	"rs9860428"	"CD200R1"	"rheumatoid arthritis"
0.0670399889349937	"rs10760126"	"PSMD5"	"rheumatoid arthritis"
0.0669680684804916	"rs212389"	"FNDC1"	"rheumatoid arthritis"
0.0668639242649078	"rs34536443"	"FDX2"	"rheumatoid arthritis"
0.0667587295174599	"rs112846137"	"IFT80"	"rheumatoid arthritis"
0.0667514503002167	"rs212389"	"FNDC1"	"rheumatoid arthritis"
0.0667339265346527	"rs3778754"	"ATP6V1FNB"	"ACPA-positive rheumatoid arthritis"
0.0661909505724907	"rs231735"	"ICOS"	"rheumatoid arthritis"
0.0660739466547966	"rs2596565"	"MICA"	"rheumatoid arthritis"
0.065945640206337	"rs10499194"	"IFNGR1"	"rheumatoid arthritis"
0.0657008364796638	"rs13101828"	"GAK"	"rheumatoid arthritis"
0.0654770731925964	"rs1217403"	"MAGI3"	"rheumatoid arthritis"
0.065403625369072	"rs78608178"	"OR2B2"	"rheumatoid arthritis"
0.0653214380145073	"rs2841269"	"CEP170B"	"rheumatoid arthritis"
0.0652481243014336	"rs3761959"	"FCRL1"	"rheumatoid arthritis"
0.0652396604418755	"rs773125"	"PMEL"	"rheumatoid arthritis"
0.0652221441268921	"rs212389"	"FNDC1"	"rheumatoid arthritis"
0.0650824159383774	"rs3134883"	"IL15RA"	"rheumatoid arthritis"
0.0650031641125679	"rs2841275"	"CEP170B"	"rheumatoid arthritis"
0.0647011399269104	"rs3778754"	"TSPAN33"	"ACPA-positive rheumatoid arthritis"
0.0643842816352844	"rs28411352"	"EPHA10"	"rheumatoid arthritis"
0.0643274039030075	"rs2233424"	"AARS2"	"rheumatoid arthritis"
0.0642796978354454	"rs116647495"	"IP6K3"	"rheumatoid arthritis"
0.0641754120588303	"rs3778754"	"ATP6V1FNB"	"rheumatoid arthritis"
0.0640098452568054	"rs12720356"	"CDC37"	"rheumatoid arthritis"
0.0636992231011391	"rs3129890"	"PSMB9"	"rheumatoid arthritis"
0.0636992231011391	"rs3129890"	"PSMB9"	"ACPA-positive rheumatoid arthritis"
0.0635345131158829	"rs660895"	"HLA-DMB"	"rheumatoid arthritis"
0.0634565129876137	"rs3129890"	"AGER"	"rheumatoid arthritis"
0.0634565129876137	"rs3129890"	"AGER"	"ACPA-positive rheumatoid arthritis"
0.063332587480545	"rs1481470858"	"CHST1"	"ACPA-positive rheumatoid arthritis"
0.0630514249205589	"rs4918037"	"CALHM2"	"rheumatoid arthritis"
0.0630297884345055	"rs12918327"	"RNF40"	"rheumatoid arthritis"
0.0627645328640938	"rs2292327"	"CDH13"	"rheumatoid arthritis"
0.0627234801650047	"rs7752903"	"PERP"	"rheumatoid arthritis"
0.0626897513866425	"rs112014382"	"H4C7"	"rheumatoid arthritis"
0.0625403523445129	"rs660442"	"NUDT22"	"rheumatoid arthritis"
0.062466237694025	"rs3087243"	"ICOS"	"rheumatoid arthritis"
0.0623739659786224	"rs244685"	"VDAC1"	"rheumatoid arthritis"
0.062252588570118	"rs11066188"	"ALDH2"	"rheumatoid arthritis"
0.0622489899396896	"rs3129890"	"GPSM3"	"rheumatoid arthritis"
0.0622489899396896	"rs3129890"	"GPSM3"	"ACPA-positive rheumatoid arthritis"
0.062153548002243	"rs2275806"	"TAF3"	"rheumatoid arthritis"
0.0621247328817844	"rs3778754"	"ATP6V1FNB"	"ACPA-positive rheumatoid arthritis"
0.0615958608686924	"rs6920220"	"PERP"	"rheumatoid arthritis"
0.061532698571682	"rs17264332"	"PERP"	"rheumatoid arthritis"
0.061532698571682	"rs17264332"	"PERP"	"rheumatoid arthritis"
0.0614672377705574	"rs1044690"	"AARS2"	"rheumatoid arthritis"
0.061374343931675	"rs805297"	"LY6G6E"	"rheumatoid arthritis"
0.0613529048860073	"rs2596565"	"MUC22"	"rheumatoid arthritis"
0.0612549744546413	"rs3778754"	"TSPAN33"	"rheumatoid arthritis"
0.0611986368894577	"rs9494894"	"PERP"	"rheumatoid arthritis"
0.0611730255186558	"rs805297"	"MSH5"	"rheumatoid arthritis"
0.0610238797962666	"rs10499194"	"PERP"	"rheumatoid arthritis"
0.0608368255198002	"rs12026490"	"SLAMF6"	"rheumatoid arthritis"
0.0604193843901157	"rs4918037"	"CALHM1"	"rheumatoid arthritis"
0.0600146092474461	"rs1424077902"	"CLP1"	"ACPA-positive rheumatoid arthritis"
0.0600146092474461	"rs1424077902"	"CLP1"	"ACPA-positive rheumatoid arthritis"
0.059988621622324	"rs403214"	"GIN1"	"rheumatoid arthritis"
0.0599762871861458	"rs624988"	"CD58"	"rheumatoid arthritis"
0.0598022416234016	"rs2476601"	"DCLRE1B"	"ACPA-positive rheumatoid arthritis"
0.0598022416234016	"rs2476601"	"DCLRE1B"	"ACPA-positive rheumatoid arthritis"
0.0597249008715153	"rs3778754"	"TSPAN33"	"ACPA-positive rheumatoid arthritis"
0.0593259781599045	"rs2872507"	"GRB7"	"rheumatoid arthritis"
0.059303056448698	"rs34536443"	"RAVER1"	"rheumatoid arthritis"
0.059303056448698	"rs34536443"	"RAVER1"	"ACPA-positive rheumatoid arthritis"
0.059303056448698	"rs34536443"	"RAVER1"	"ACPA-positive rheumatoid arthritis"
0.0592621713876724	"rs6920220"	"IFNGR1"	"rheumatoid arthritis"
0.0592621713876724	"rs17264332"	"IFNGR1"	"rheumatoid arthritis"
0.0589298866689205	"rs3087243"	"ICOS"	"rheumatoid arthritis"
0.058809619396925	"rs34695944"	"SANBR"	"rheumatoid arthritis"
0.058809619396925	"rs34695944"	"SANBR"	"rheumatoid arthritis"
0.058809619396925	"rs34695944"	"SANBR"	"rheumatoid arthritis"
0.0587997063994408	"rs3129890"	"PRRT1"	"rheumatoid arthritis"
0.0587997063994408	"rs3129890"	"PRRT1"	"ACPA-positive rheumatoid arthritis"
0.0587438009679317	"rs12140275"	"INPP5B"	"rheumatoid arthritis"
0.0587438009679317	"rs12140275"	"INPP5B"	"rheumatoid arthritis"
0.0587407201528549	"rs13031237"	"SANBR"	"rheumatoid arthritis"
0.0587400533258915	"rs3087243"	"ICOS"	"rheumatoid arthritis"
0.0584834106266499	"rs2228145"	"TDRD10"	"rheumatoid arthritis"
0.0583239197731018	"rs2476601"	"DCLRE1B"	"rheumatoid arthritis"
0.0583038441836834	"rs3087243"	"ICOS"	"rheumatoid arthritis"
0.0582226738333702	"rs3087243"	"ICOS"	"rheumatoid arthritis"
0.0581888891756535	"rs17264332"	"IFNGR1"	"rheumatoid arthritis"
0.0581283532083035	"rs34536443"	"FDX2"	"rheumatoid arthritis"
0.0581283532083035	"rs34536443"	"FDX2"	"ACPA-positive rheumatoid arthritis"
0.0581010542809963	"rs17604670"	"FAM241A"	"rheumatoid arthritis"
0.0580707006156445	"rs3757387"	"ATP6V1FNB"	"rheumatoid arthritis"
0.0580546744167805	"rs660895"	"PSMB8"	"rheumatoid arthritis"
0.058051809668541	"rs883220"	"INPP5B"	"rheumatoid arthritis"
0.0579958781599998	"rs1571878"	"TCP10L2"	"rheumatoid arthritis"
0.0575452260673046	"rs34536443"	"FDX2"	"ACPA-positive rheumatoid arthritis"
0.0572243072092533	"rs11571293"	"ICOS"	"ACPA-positive rheumatoid arthritis"
0.0570956766605377	"rs883220"	"INPP5B"	"rheumatoid arthritis"
0.0569973848760128	"rs10911902"	"PLA2G4A"	"rheumatoid arthritis"
0.0569140985608101	"rs2841277"	"CEP170B"	"rheumatoid arthritis"
0.0568836852908134	"rs11066301"	"RPL6"	"rheumatoid arthritis"
0.0568474382162094	"rs3129890"	"TNXB"	"rheumatoid arthritis"
0.0568474382162094	"rs3129890"	"TNXB"	"ACPA-positive rheumatoid arthritis"
0.0566691718995571	"rs1883832"	"ZNF335"	"rheumatoid arthritis"
0.0566506683826447	"rs12720356"	"PDE4A"	"rheumatoid arthritis"
0.0564966797828674	"rs660895"	"PSMB9"	"rheumatoid arthritis"
0.0564762391149998	"rs34695944"	"SANBR"	"rheumatoid arthritis"
0.0564762391149998	"rs34695944"	"SANBR"	"rheumatoid arthritis"
0.0564462840557098	"rs2234067"	"PXT1"	"rheumatoid arthritis"
0.0563806965947151	"rs10073277"	"RPL37"	"rheumatoid arthritis"
0.0563636645674706	"rs968567"	"MYRF"	"rheumatoid arthritis"
0.0563003569841385	"rs2240335"	"PADI6"	"rheumatoid arthritis"
0.0563003569841385	"rs2240335"	"PADI6"	"rheumatoid arthritis"
0.0562595054507256	"rs2596565"	"MCCD1"	"rheumatoid arthritis"
0.0562496483325958	"rs1481470858"	"CHST1"	"rheumatoid arthritis"
0.0562496483325958	"rs1481470858"	"CHST1"	"ACPA-positive rheumatoid arthritis"
0.0562279708683491	"rs3812565"	"DNLZ"	"rheumatoid arthritis"
0.0562229081988335	"rs3093019"	"TCP10L2"	"rheumatoid arthritis"
0.0561157613992691	"rs1883832"	"NCOA5"	"rheumatoid arthritis"
0.0559527240693569	"rs2476601"	"DCLRE1B"	"ACPA-negative rheumatoid arthritis"
0.0558299571275711	"rs805297"	"ABHD16A"	"rheumatoid arthritis"
0.0557695813477039	"rs3093017"	"TCP10L2"	"rheumatoid arthritis"
0.0557416789233685	"rs34536443"	"RAVER1"	"rheumatoid arthritis"
0.0556269213557243	"rs3129890"	"FKBPL"	"rheumatoid arthritis"
0.0556269213557243	"rs3129890"	"FKBPL"	"ACPA-positive rheumatoid arthritis"
0.0556269213557243	"rs3129890"	"ATF6B"	"rheumatoid arthritis"
0.0556269213557243	"rs3129890"	"ATF6B"	"ACPA-positive rheumatoid arthritis"
0.0555036514997482	"rs35677470"	"RPP14"	"rheumatoid arthritis"
0.0553455837070942	"rs11757201"	"PERP"	"rheumatoid arthritis"
0.055327232927084	"rs4602367"	"RFTN1"	"rheumatoid arthritis"
0.0553255267441273	"rs1571878"	"TCP10L2"	"rheumatoid arthritis"
0.0552736297249794	"rs4810485"	"UBE2C"	"rheumatoid arthritis"
0.0551913753151894	"rs6920220"	"PERP"	"rheumatoid arthritis"
0.0551913753151894	"rs6920220"	"PERP"	"rheumatoid arthritis"
0.0551272630691528	"rs3129890"	"RNF5"	"rheumatoid arthritis"
0.0551272630691528	"rs3129890"	"RNF5"	"ACPA-positive rheumatoid arthritis"
0.0551272630691528	"rs3129890"	"EGFL8"	"rheumatoid arthritis"
0.0551272630691528	"rs3129890"	"EGFL8"	"ACPA-positive rheumatoid arthritis"
0.0550410784780979	"rs1883832"	"UBE2C"	"rheumatoid arthritis"
0.0549899637699127	"rs35677470"	"RPP14"	"rheumatoid arthritis"
0.0549615733325481	"rs2561477"	"GIN1"	"rheumatoid arthritis"
0.0549207180738449	"rs4810485"	"UBE2C"	"rheumatoid arthritis"
0.054715022444725	"rs4810485"	"UBE2C"	"rheumatoid arthritis"
0.0545916631817818	"rs1571878"	"TCP10L2"	"rheumatoid arthritis"
0.0545408390462399	"rs3129890"	"AGPAT1"	"rheumatoid arthritis"
0.0545408390462399	"rs3129890"	"AGPAT1"	"ACPA-positive rheumatoid arthritis"
0.0545395128428936	"rs773125"	"PMEL"	"rheumatoid arthritis"
0.0545247085392475	"rs3129890"	"PPT2"	"rheumatoid arthritis"
0.0545247085392475	"rs3129890"	"PPT2"	"ACPA-positive rheumatoid arthritis"
0.0545084178447723	"rs6032662"	"UBE2C"	"rheumatoid arthritis"
0.0544351153075695	"rs2306848"	"CEP41"	"rheumatoid arthritis"
0.054412979632616	"rs112586220"	"ZNF391"	"rheumatoid arthritis"
0.0544050931930542	"rs34695944"	"SANBR"	"rheumatoid arthritis"
0.054384283721447	"rs2561477"	"GIN1"	"rheumatoid arthritis"
0.0542251840233803	"rs1883832"	"UBE2C"	"rheumatoid arthritis"
0.0541994981467724	"rs35156883"	"FBLN1"	"rheumatoid arthritis"
0.0541616044938564	"rs1332099"	"DNMBP"	"rheumatoid arthritis"
0.054064366966486	"rs2596565"	"LST1"	"rheumatoid arthritis"
0.0539916902780533	"rs4711363"	"NUDT3"	"rheumatoid arthritis"
0.0538550391793251	"rs12918327"	"ZNF785"	"rheumatoid arthritis"
0.0537635497748852	"rs660895"	"TAP1"	"rheumatoid arthritis"
0.0536162815988064	"rs231735"	"CD28"	"rheumatoid arthritis"
0.0535843297839165	"rs12918327"	"SRCAP"	"rheumatoid arthritis"
0.0535666458308697	"rs9785133"	"SLC18A1"	"rheumatoid arthritis"
0.0535368695855141	"rs2847297"	"SEH1L"	"rheumatoid arthritis"
0.0532610155642033	"rs3104413"	"HLA-DOA"	"rheumatoid arthritis"
0.0532610155642033	"rs3104413"	"HLA-DOA"	"ACPA-positive rheumatoid arthritis"
0.0532454736530781	"rs62323881"	"ANXA5"	"rheumatoid arthritis"
0.0530079528689384	"rs227163"	"ERRFI1"	"rheumatoid arthritis"
0.0529967658221722	"rs113243085"	"WDR46"	"rheumatoid arthritis"
0.0529639534652233	"rs34536443"	"FDX2"	"rheumatoid arthritis"
0.0529302135109901	"rs59716545"	"GSDMA"	"rheumatoid arthritis"
0.0528498962521553	"rs113243085"	"WDR46"	"rheumatoid arthritis"
0.0528498962521553	"rs113243085"	"WDR46"	"rheumatoid arthritis"
0.05275784060359	"rs2049985"	"RPL3"	"rheumatoid arthritis"
0.0527568757534027	"rs805297"	"VARS1"	"rheumatoid arthritis"
0.0525836534798145	"rs6920220"	"IFNGR1"	"rheumatoid arthritis"
0.0524565279483795	"rs113243085"	"WDR46"	"rheumatoid arthritis"
0.05241409689188	"rs10912488"	"SUCO"	"rheumatoid arthritis"
0.0523231215775013	"rs1883832"	"PLTP"	"rheumatoid arthritis"
0.0520364604890347	"rs6920220"	"IFNGR1"	"rheumatoid arthritis"
0.0518471337854862	"rs78608178"	"H2AC15"	"rheumatoid arthritis"
0.0517793223261833	"rs244685"	"SKP1"	"rheumatoid arthritis"
0.0516929216682911	"rs6456160"	"RNASET2"	"ACPA-positive rheumatoid arthritis"
0.0516112372279167	"rs2561477"	"GIN1"	"rheumatoid arthritis"
0.0516018904745579	"rs11571293"	"CD28"	"rheumatoid arthritis"
0.0516018904745579	"rs11571293"	"CD28"	"rheumatoid arthritis"
0.0515970140695572	"rs34536443"	"PDE4A"	"rheumatoid arthritis"
0.0514492578804493	"rs59716545"	"GRB7"	"rheumatoid arthritis"
0.0513988398015499	"rs2561477"	"GIN1"	"rheumatoid arthritis"
0.0513147078454494	"rs11571293"	"CD28"	"ACPA-positive rheumatoid arthritis"
0.0513147078454494	"rs11571293"	"CD28"	"ACPA-positive rheumatoid arthritis"
0.0512933805584908	"rs1571878"	"TCP10L2"	"rheumatoid arthritis"
0.0512203127145767	"rs7579944"	"YPEL5"	"rheumatoid arthritis"
0.0510758012533188	"rs773125"	"PMEL"	"rheumatoid arthritis"
0.0510754249989986	"rs1776616"	"ZEB1"	"rheumatoid arthritis"
0.0510350540280342	"rs1571878"	"TCP10L2"	"rheumatoid arthritis"
0.0506739504635334	"rs9373203"	"HEBP2"	"rheumatoid arthritis"
0.0506495013833046	"rs8040585"	"ZNF774"	"rheumatoid arthritis"
0.0506341345608234	"rs2872507"	"GSDMA"	"rheumatoid arthritis"
0.0506094992160797	"rs7579944"	"YPEL5"	"rheumatoid arthritis"
0.05051638931036	"rs11571293"	"CD28"	"rheumatoid arthritis"
0.0502871833741665	"rs3757387"	"TSPAN33"	"rheumatoid arthritis"
0.0501978918910027	"rs76246107"	"IRF3"	"rheumatoid arthritis"
0.0501409135758877	"rs73081554"	"PDHB"	"rheumatoid arthritis"
0.0500070825219154	"rs12617656"	"SLC4A10"	"rheumatoid arthritis"
